,Leave or Remain or Neutral/News,description,screen_name,name,location,text,allies
0,L,Vote Leave - campaign for a 'leave' vote in EU referendum. End supremacy of EU law. Take control. Invest in NHS & science. The safer choice.,vote_leave,Vote Leave,United Kingdom,"Gove: When it comes to immigration, we believe in a fair Australian style points-based system #VoteLeave #r4today https://t.co/jCzM5ebRxG","['DJack_Journo', 'BBCBreakfast', 'dobbs_michael', 'EP_President', 'HeatherWheeler', 'montie', 'andrealeadsom', 'f you agree with @andrealeadsom that politicians should be accountable #VoteLeave #bbcdebate https', 'MatthewSephton', 'tomchapman16', 'SteveBakerHW', 'TellRanil', 'cmackinlay', 'BBCNews', 'Vote_LeaveMedia', 'VoteLeaveCymru', 'LouiseMensch', 'BrexitInJune', 'ChloeVotesLeave', 'davidburrowesmp', 'TheaDickinson', 'BBCRealityCheck', 'Mike_Fabricant', 'Ha_bi_ba', 'JLongworthVL', 'JamesDuddridge', 'LeeVoteLeave', 'nickeardleybbc', 'rorybroomfield', 'NadineDorriesMP', 'oflynnmep', 'consforbritain', 'geraldhowarth', 'MitchellGoldie', 'SJ_Powell', 'Telegraph', 'WomenforBritain', 'LiamFoxMP', 'MartinDaubney', 'avemariarebecca', 'bernardjenkin', 'jasminancona', 'uniforbritain', 'GuidoFawkes', 'sarahjanesewell', 'beleaveuk', 'TheRedRag', 'conorburns_mp', 'DVATW', 'SuzanneEvans1', 'carefree_tug', 'LondonCF', 'CornwallTory']"
1,L,A cross-party campaign advocating a vote to leave the European Union on 23 June. #LeaveEU http://www.Facebook.com/LeaveEUOfficial,LeaveEUOfficial,LEAVE.EU,,Major leak from Brussels reveals NHS will be ‘KILLED OFF’ if Britain remains in the EU https://t.co/aHGS2QXxwa #euref #brexit,"['BBCr4today', 'KayBurley', 'VictoriaLIVE', 'boden_will', 'davidroachcouk', 'terrylawes', 'MrRBourne', 'Survation', 'JamesJimCarver', 'ScienceBritain', 'pablothehat', 'RaheemKassam', 'BBCNews', 'ernietvr']"
2,R,"British actress, Goodwill Ambassador for UN Women",EmWatson,Emma Watson,London,"Don’t forget to vote on Thursday, no excuses! x #Euref https://t.co/iArHqo3KjQ",[]
3,L,"Fair #weather #cook, #photographer, #cyclist & #walker! #EU #VoteLeave",greenpesto1,Russ,#Solihull #UK,#Beckenham is another multi-millionaire just like most of the #RemainINEU #FatCats #InOrOut #VoteLeave #Brexit,"['elizabethorr123', 'Trev_Forrester', 'bernerlap', 'russjb2512', 'PeaceOutCoUk', 'theordinaryman2', 'ChloeVotesLeave', 'Brexit4us', 'MarkPaauwe', 'Chaverrs', 'Smel29', 'Leighpavey87', 'Leave_or_Remain']"
4,L,"'Lord, thou knowest how busy I must be this day. If I forget thee, do not thou forget me.' Sir Jacob Astley, before the Battle of Edgehill",LouiseMensch,Louise Mensch,Conservative. Feminist.,It's so good to hear the audience firmly on the side of #VoteLeave  - quiet during Wollaston's smear #BBCDebate,"['GarthGodsman', 'DJack_Journo', 'SpencerPitfield', 'andy_demaine', 'DominicFarrell', 'annietrev', 'MattPope123', 'marjungood', 'Miles_Goslett', 'AtheistMayhem', 'obviousreally', 'awyliu', 'josephineleigh', 'JTeesdale1', 'UpNorthandGRIM', 'mrDesStewart', 'BardenGridge', 'morvjn', 'heatstreet', 'PoliticalTwonky', 'benjastley', 'lawyers4britain', 'LeaveEUOfficial', 'JodieActy', 'ScotsVoteLeave', 'chrisdh68', 'Antiochean', 'McCartneyMaxwel', 'voxday', 'politically_cor', 'KMaconi', 'Barronak', 'opsimathist', 'foxesdale', 'TheScientistUK', 'SpazzieMcGee81', 'seanfitz_writes', 'TNT_Master19', 'AnthonysSquires', 'OldhamLeave_eu', 'Leavethe_EU', 'Stop_The_EU', 'HeatherWheeler', 'SteveHiltonx', 'BBCr4today', 'montie', 'vote_leave', 'EP_President', 'IanAxton', 'itvwestcountry', 'OutandProudUK', 'Vote_LeaveMedia', 'labourleave', 'oldBennite', 'BrexitNoww', 'anonmonstar', 'RichardKing633', 'ARC_agent', 'local_hub', 'mattsmithetc', 'LouiseMensch', 'qriously', 'SpencerHills2', 'Maccabee3Star', 'beleaveuk', 'DanHannanMEP', 'Kango_V', 'SamanthaLouize7', 'JerraldCoe', 'DinoFancellu', 'SuzanneEvans1', 'SteveBakerHW', 'oflynnmep', 'andrealeadsom', 'larner254', 'justineellison1', 'rupert_lescott', 'andrewbguy', 'uniforbritain', '01jacky01', 'geraldhowarth', 'BBCNews', 'davidburrowesmp', 'cmackinlay', 'Mike_Fabricant', 'BBCRealityCheck', 'John_J_C_Moss', 'roddytherobot', 'Jkhunofficial', 'gjsfulham', 'englishoak', 'sarahjanesewell', 'GuidoFawkes', 'rorybroomfield', 'bernardjenkin', 'juliamacfarlane', 'DVATW', 'liarpoliticians', 'NDH37087', 'Stuntwoman1', 'martin_roach', 'Jeansmart45Jean', 'RDPricey2', 'Cricket4Britain', 'BLAIMGame', 'politicseditor', 'TedYarbrough1', 'Lars9596', 'deejayhome', 'princesskew', 'T4_Tracy', 'LondonCF', 'avemariarebecca', 'NadineDorriesMP', 'Arron_banks', 'Kishan_Devani', 'brijoyce', 'suttonnick', 'anna_firth']"
5,N,"News, features and analysis (http://bbc.in/newschannel). World news, follow @BBCWorld. Breaking news, follow @BBCBreaking. Latest sport news @BBCSport",BBCNews,BBC News (UK),London,"âš¡ The excitement is building at Wembley for the Great Debate âš¡
https://t.co/O02ml2eYVC #bbcdebate #EUref","['BBCNewsbeat', 'BBCr4today', 'BBCBreakfast', 'VictoriaLIVE', 'bbc5live', 'BBCWorld', 'BBCNewsPR', 'BBCPM', 'BBCRealityCheck', 'BBCNewsGraphics', 'bbckamal', 'ChrisMasonBBC', 'BBCBreaking']"
6,R,Author,jk_rowling,J.K. Rowling,Scotland,Scene: pearly gates. St Peter scans the record of my life on earth. He pales. 'You - you made Nadine Dorries late?' https://t.co/8CSckDWmIn,"['neilgadhok', 'JamesKerLindsay', 'NadineDorriesMP', 'StrongerIn']"
7,R,"Tie-loathing adventurer, philanthropist & troublemaker, who believes in turning ideas into reality. Otherwise known as Dr Yes at @virgin!",richardbranson,Richard Branson,,"The EU has made Europe &amp; the UK stronger. If you agree with me, I’d urge you to #VoteRemain https://t.co/3TP8Gh6t5W https://t.co/XbtZuSOPrO",[]
8,L,Media account for @vote_leave,Vote_LeaveMedia,Vote Leave Media,"England, United Kingdom",In the last few weeks it has become policy to accelerate Turkish membership https://t.co/A8P3kCD4B1 #VoteLeave #bbcdebate,"['VoteLeaveCymru', 'vote_leave', 'WomenforBritain', 'BrexitInJune', 'SteveBakerHW', 'cmackinlay', 'geraldhowarth', 'davidburrowesmp', 'JLongworthVL', 'TellRanil', 'bernardjenkin', 'JamesDuddridge', 'nickdebois', 'AmandeepBhogal', 'oflynnmep', 'MartinDaubney', 'uniforbritain', 'consforbritain', 'VoteLeaveUKIP', 'montie', 'Farmers4Britain', 'ChloeVotesLeave', 'LouiseMensch', 'lawyers4britain', 'MitchellGoldie', 'Cricket4Britain', 'suttonnick', 'Vote_LeaveMedia']"
9,L,"good old British humour but nothing too serious,  #LoveEuropeLeaveEU  #inorout
#EUref #VoteLeave #Brexit #LeaveEU #GrassrootsOut",theordinaryman2,TheOrdinaryMan,GREAT Britain,"#EU Free movement means un-contolled #migration

#BBCDebate #EURef #VoteLeave #Brexit #VoteRemain #InOrOut #Labour https://t.co/dhM6BIxZpO","['theordinaryman2', 'Charles_Laing', 'RedHotSquirrel', 'Dwalingen', 'DavidJo52951945', 'vote_leave', 'SamanthaLouize7', 'deejayhome', 'Markit_tweet', 'Fight4UK', 'MdDeactivated', 'MagnaCartaRules', 'OpenBritain']"
10,R,"Britain is stronger, safer and better off in Europe. Don't sit on the sidelines - be part of the campaign to secure Britain's future in Europe.",StrongerIn,Stronger In,,Frances O'Grady represents over 6 million workers - &amp; she was clear tonight that workers are #StrongerIN #BBCDebate https://t.co/q1kn1j7l1k,"['victoriabeckham', 'EmWatson', 'birminghammail', 'ChukaUmunna', 'CarolineLucas', 'richardbranson', 'DouglasBooth', 'paulajradcliffe', 'StrongerInPress', 'bbckamal', 'wdjstraw', 'TelePolitics', 'nickherbertmp', 'lucycthomas', 'DamianCollins', 'lynbrownmp', 'The_TUC', 'SarahLudford', 'CHazelgrove', 'asentance', 'SamGyimah', 'theresecoffey', 'Brigid_Fowler', 'JonAshworth', 'RhonddaBryant', 'JamesMcGrory', 'EmmaReynoldsMP', 'David_Cameron', 'ben4bath', 'MattHancockMP', 'billiepiper', 'suttonnick', 'JoMaloneMBE']"
11,L,UK No1 & US Top 5 Bestseller For politics http://blog.dorries.org For friends & readers go to politics free zone https://www.facebook.com/NadineDorriesAuthor,NadineDorriesMP,Nadine Dorries,Tweets and RT posted by staff ,Boris #VoteLeave audience going crazy! Take back control and make Thursday our Independence Day #BBCDebate,"['vote_leave', 'LPerrins', 'montie', 'SteveBakerHW', 'AmandeepBhogal', 'MitchellGoldie', 'suttonnick', 'Vote_LeaveMedia']"
12,R,"Twitter feed of the UK Labour Party, keeping you up-to-date with news, speeches, events & videos.",UKLabour,The Labour Party,,"To tackle climate change &amp; protect our plant, we must work together. That's why Louisa is voting Remain #VoteRemain https://t.co/FRRgTgpWiw",['FrancesOGrady']
13,R,News and updates from Britain Stronger In Europe's press team. Main account @StrongerIn,StrongerInPress,Stronger In Press,United Kingdom,"'economic shock', 'bumps in the road', jobs 'might be lost' - Leave in their own words about what happens if we leave #strongerin #bbcdebate","['GregHands', 'wdjstraw', 'LauraRound', 'GibStrongerIN', 'The_TUC', 'CarolineLucas', 'victoriabeckham', 'birminghammail', 'EmWatson', 'ChukaUmunna', 'George_Osborne', 'MirrorPolitics', 'BBCNews', 'CBItweets', 'SonyaCisco', 'StrongerIn', 'VirendraSharma', 'JamesKerLindsay', 'paulajradcliffe', 'richardbranson', 'DouglasBooth', 'MaryCreaghMP', 'JennyRathbone', 'PA', 'EmmaReynoldsMP', 'RhonddaBryant', 'BethRigby', 'SkyNews', 'lucycthomas', 'Jack_Blanchard_', 'ConservativesIN', 'YandHStrongerIn', 'FrancesOGrady', 'SWStrongerIn', 'David_Cameron', 'ben4ipswich', 'theresecoffey', 'TUCGlobal', 'nickherbertmp', 'lynbrownmp', 'JoelTaylorhack', 'CHazelgrove', 'gordonmacmillan', 'DamianCollins', 'Brigid_Fowler', 'IanJRees', 'asentance', 'amyhsrichards', 'Jude_KD', 'suttonnick']"
14,N,"News and analysis with a global perspective.

Subscribe here: http://econ.st/1Ph3o0t 

Podcasts: http://econ.st/1VMD71O

Videos: http://econ.st/1q3E5c0",TheEconomist,The Economist,London,Leave or Remain? Check out our interactive #Brexit poll tracker https://t.co/CnnpP5M9lh https://t.co/dqw0S2oLfI,"['EconomistRadio', 'MotionNino']"
15,L,Political commentary on a wide range of issues. Right of liberal.  Pro British. Editor of A Tangled Web & Biased BBC.,DVATW,David Vance,UK,"But but --- ALL economists think we should stay, Mr Cameron told us https://t.co/ZLQhGqRVB9","['TheScepticIsle', 'vote_leave', 'Dwalingen', 'BritishDemocrat', 'SuzanneEvans1', 'DavidJo52951945', 'HymieDoucheman', 'LouiseMensch']"
16,L,Contrarian polemicist. http://youtube.com/PrisonPlanetLive https://www.facebook.com/paul.j.watson.71,PrisonPlanet,Paul Joseph Watson,London,Cameron breaks the law by using government property for #VoteRemain campaigning. https://t.co/7nCOJaIgC9 #Brexit,"['deYook', 'Skippeachicky', 'LeaveEUOfficial', 'anti_fembot']"
17,L,About the #transgressions in today's society. Because we need a change. Bekommeringen over misstanden en #dwalingen in de samenleving. Omdat het anders moet.,Dwalingen,Mis Standen,,#Calais Migrants attacking French police &amp; #UK CARS Why are @BBC @ITV @NOS @RTLNL NOT reporting? #EUrefÂ #BREXIT https://t.co/zp7QpFY3A7,"['vote_leave', 'Dwalingen', 'UKIPBroxtowe', 'MattPope123', 'kristinels', '_Benners_', 'KWaters10', 'pieterloos63', 'BrexitTheMovie', 'LYNDA270833', 'thierrybaudet', 'JuliaSm45799532', 'europafreunde', 'stephenwilson37', 'Stop_The_EU', 'Jakderippa', 'windwens', 'DemoGrazzi', 'TheyNeed2GoBack', 'flyingfury1940', 'ohboywhatashot', 'ObeWanKenobiiii', 'bynxie2013', 'RuthLeaEcon', 'HopeDieBefore', 'euroztar', 'charlotte101987', 'Jroentjee', 'GROLSCHnl', 'koekwouske', 'Schorpioen1988', 'Ron_Schippers', '1_Martijn_1', 'TonhBC', 'b_nordbeck', 'ira_tenax', 'JePatriote', 'enkai_pan', 'ChewbaccaDubois', 'Side73Dark', 'LaLaura68', 'DrTeckKhong', 'mickstevens', 'LeaveEUOfficial', 'HullTweeting', 'CraigEtherton', 'Leavethe_EU', 'TotallyTopical2', 'SDP6929124', 'BenayounAriel', 'RobertBadia', 'lameduck1960', 'Canadians4Leave', 'SamanthaLouize7', 'LisaHenegauwen', 'IkkeCock', 'HonourCovenant', 'RichardWellings', 'burgercomiteeu', 'thea_scholte', 'KapiteinHaak', 'LadyAodh', 'malcolmcameron7', 'find4yourself', 'Boogschutter10', 'Snitserleven', 'JoKer33817736', 'croftyization', 'truclear', 'PPpraat', 'truusdemierr', 'brunettebomb32', 'RParavati', 'tnaleor', 'johnnybegood757', 'etventadv', 'skaidramigla', 'SignsMary', 'RitaccoAlessan1', 'forlookin', 'ivansaracino', 'QuestoTizio', 'gianlucalaterza', 'MPaperoga', 'LukeMcCoy66', 'Jo_Ozymandias', 'nickdebois', 'B_Honest_4_Once', 'mrDesStewart', 'Sozzinski', 'BrexitNoww', 'RevenuBase', 'Meyranne63Ann', 'MarieJoseGMH', 'MiDispiaceNO', 'moonlander56', 'Stuntwoman1', 'Powerboxie', 'tiziodesio', 'b_baolo', 'rayne_ea']"
18,L,"Just a simple little website trying to make sense of it all. A cross party twitter account for StoptheEU .com

#Brexit #StoptheEU",Stop_The_EU,Stop the EU,Nationwide,"Approximately 5% of UK companies actually export to the EU.

#Brexit VoteLeave https://t.co/9niRR2qlmz","['vote_leave', 'LeaveEUOfficial', 'manof_kent', 'femiokes', 'ThreeShedsEssex', 'WritingSupplier', 'navyfire111261', 'carefree_tug', 'ScotsVoteLeave']"
19,L,#UKIP ~ @GrassrootsOut ~ @LeaveEUOfficial ~ #GO ~ #LeaveEU ~ #Brexit ~ #TeamNigel #EFDD ⚽️ Wigan Athletic ~ #wafc ~ #Twitter92 ⚽️,Fight4UK,Carl #LeaveEU,GREAT BRITAIN ,"#Brexit #GO #LeaveEU #VoteLeave 

@LeaveEUOfficial @vote_leave @BetterOffOut 

Setting up.  ðŸ‘� https://t.co/4X3tcWGJPi","['davidroachcouk', 'LeaveEUOfficial', 'boden_will', 'VictoriaLIVE', 'KayBurley', 'BBCr4today', 'consforbritain', 'vote_leave', 'dobbs_michael', 'BBCBreakfast', 'DJack_Journo', 'theordinaryman2', 'Dwalingen', 'Charles_Laing', 'Stop_The_EU', 'tfa4freedom', 'BetterOffOut', 'andrew_allison', 'cllrjoeporter', 'SpectatorEvents', 'reactionlife', 'itvnews', '50106019HIST', 'labourleave', 'CanvinWJL', 'oldBennite', 'terrylawes', 'HeatherWheeler', 'EP_President', 'LBC', 'LPerrins', 'DVATW', 'KTHopkins', 'Manville54', '100pcLondoner', 'SocEconMag', 'PaulBrothwood', 'MargotLJParker', 'paulnuttallukip', 'UKIP', 'PMLEGEND', 'WilliamsKevin', 'TheHappyKipper', 'ohboywhatashot', 'carlacathro', 'lostleonardo', 'UKIPBroxtowe', 'Arron_banks', 'Hughie1953', 'SmithsonStiffy', 'thierrybaudet', 'Graeme__McGuire', 'deejayhome', 'SamanthaLouize7', 'DavidJo52951945', 'ScienceBritain', 'JamesJimCarver', 'andrealeadsom', 'montie', 'BillDudleyNorth', 'ScotsVoteLeave', 'DavM', 'SpencerHills2', 'sja123', 'DianeJamesMEP', 'seismicshed', 'heatstreet', 'BrexitNoww', 'SirBentlyBlower', 'LouiseMensch', '2tweetaboutit', 'RaheemKassam', 'pablothehat', 'TheaDickinson', 'tomchapman16', 'avemariarebecca', 'NadineDorriesMP', 'JLongworthVL', 'geraldhowarth', 'MartinDaubney', 'oflynnmep', 'rorybroomfield', 'SteveBakerHW', 'LiamFoxMP', 'WomenforBritain', 'Telegraph', 'SJ_Powell', 'MitchellGoldie', 'h8kes', 'sarahjanesewell', 'PeterWilliamMos', 'JorgenFaxholm']"
20,R,"Labour MP for #Streatham, @IntegrationAPPG Chair, @CommonsHomeAffs member, @CPFC supporter, #Gogglebox fan, & former DJ.",ChukaUmunna,Chuka Umunna,Streatham,Having common employment laws across 28 member states stops UK workers rights be played off against others #BBCDebate #StrongerIn,"['vicderbyshire', 'VictoriaLIVE', 'The_TUC', 'IntegrationAPPG', 'UKLabour', 'frannygranny', 'prelovedbtn', 'michellegayle1', 'StrongerInPress', 'JonAshworth']"
21,R,Help us change politics and build a society that works for the common good http://join.greenparty.org.uk. Follow Green Party Leader @natalieben,TheGreenParty,Green Party,England and Wales,In 1 minute @CarolineLucas sums up why we're #GreenerIN working together on the shared challenges we face #BBCDebate https://t.co/xDd6udJoQ4,"['CarolineLucas', 'Another_Europe', 'natalieben', 'TPashby', 'GreensForEurope', 'GreenJeanMEP', 'Amelia_Womack', 'josielevay', 'LivveyKirtley', 'LudoOrlando', 'pheebsgeebs']"
22,L,Columnist @MailOnline. LBC presenter Sunday mornings 10-12. Fired Lord Sugar. Gained & lost 3.5 stones proving fat people are lazy. katie@katiehopkins.co.uk,KTHopkins,Katie Hopkins,,Jo Cox saved kids from Syria. 8 miles away these Muslim men raped our own. #Leave https://t.co/Dc2GZ2vKhH,[]
23,L,Queen of everywhere you'd want to visit. One's new book 'Still Reigning' is out now: http://amzn.to/1A08A2P (FICTIONAL/SATIRE),Queen_UK,Elizabeth Windsor,,Might abolish Europe and Westminster and every singe bloody politician on the planet. #BBCDebate #EUref,[]
24,L,MP dude for #Lichfield. #VoteLeave https://www.youtube.com/watch?v=j0pwXLtvt2w&index=38&list=PLRXacD0bo1ZYVOXHEWgFlZmcvsEaqLLru,Mike_Fabricant,Michael Fabricant,"Lichfield in Staffordshire, UK","In the last few weeks it has become #EU and UK policy to accelerate Turkish membership https://t.co/YdLndHxgFl 
#VoteLeave #bbcdebate","['JoeMiles94', 'vote_leave', 'BBCr4today', 'labourleave', 'AmandeepBhogal', 'GrahamLKeegan', 'TheSun']"
25,L,"Editor in chief, @BreitbartLondon",RaheemKassam,Raheem Kassam,"London, United Kingdom",Sadiq Khan LITERALLY has flies flying around him. #euref #BBCDebate,"['KTHopkins', 'gupta_james', 'MagnaCartaRules']"
26,L,#No2EU ~ #Brexit ~ #BelieveInBritain ~ #BetterOffOut ~ #labour #conservative @vote_leave #ukip #leaveEUofficial https://www.youtube.com/watch?v=UTMxfAkxfQ0,Leavethe_EU,Tim #LeaveEU,"Sheffield, England",RedHotSquirrel: Why should Cornwall vote to leave the EU? https://t.co/g7pXHzKmEO #brexit,"['answerability', 'costajoe40', 'HillJo39', 'PrisonPlanet', 'DisparatePost', 'EuroGuido', 'roygsymonds', 'davidburrowesmp', 'WeirdLittleHen', 'SovBrit', 'nickdebois', 'JulesSunbeam', 'BrexitNoww', 'vote_leave']"
27,L,"Final Year Medical Student, EdTech Entrepreneur & Massive Racist, apparently.",gupta_james,James Gupta,"Leeds, England","‘Leave’ Voters Aren’t Racist: You’re Just an Asshole #VoteLeave 

https://t.co/qUnAGz4oUY",['BBCr4today']
28,R,"Sponsorship & PR Consultant | Sport, Music and Politics | Exiled Scot | Opinionated | Ambidextrous Lefty | Remain in the EU",JamesMelville,James Melville,Cornwall,"Vote to stay with Johnny Foreigner.
#EUref #VoteRemain",[]
29,L,"#BREXIT is our LAST CHANCE to #VoteLEAVE.Have #Courage #NO to #UncontrolledImmigration #LowWages #Fascism,#HousingCrisis,#Federalism #ElitestEU",BrexitNoww,Brexit Now,Brexit the movie,"#VoteLEAVE 
Our LAST CHANCE to escape disaster unfolding across Europe:stark choices facing Britain Thursdays #EUref https://t.co/TX4spgKWGi","['he People of Europe urge YOU to #VoteLeave on Thursday to save #democracy in Europe.#VOTELEAVE @LeaveEUOfficial https', 'vote_leave', 'MdDeactivated', 'SteveBakerHW', 'SovBrit', 'DavidJo52951945', 'martijnheeroma', 'shipwrekked2', 'lostleonardo', 'ScotJock', 'SputnikInt', 'canofwormstwo', 'State_Control', 'Juliet777777', 'montie', 'keepcalm_change', 'JoKer33817736', 'terrylawes', 'DVATW', 'landloulou', 'JudyAnnKnight', 'Taleof2Treaties', 'Patriotic_Brit', 'Y_Eurosceptics', 'JagTerry', 'charlieT62', 'uniforbritain', '2tweetaboutit', 'Australiaunwra6', 'Michael_Heaver', '100pcLondoner', 'Karelcb', 'TonyParsonsUK', 'LondonLeave', 'Fight4UK', 'LeaveEUOfficial', 'JuliaHB1', 'NonjobSeven', 'DrTeckKhong', 'theordinaryman2', 'Ironwand', 'josephineleigh', 'Annie_DLV', 'Aussies4Britain', 'BrexitNoww', 'j3ffyb', 'shaunhush92', 'ernietvr', 'BBCNews', 'r2ssnc', 'BobsGutters']"
30,R,MP for Brighton Pavilion; Former Leader of the Green Party; Mum,CarolineLucas,Caroline Lucas,Brighton,"The EU isn't perfect. But leaving would burn bridges when we need to be building them #GreenerIN #StrongerIn #EUref
https://t.co/c1OW4TVi97",['TheGreenParty']
31,L,"Radio presenter @talkRADIO 10am to 1pm every weekday. Journalist and broadcaster, mostly for @Telegraph @independent @SkyNews @BBC. @MiscarriageA ambassador",JuliaHB1,Julia Hartley-Brewer,London,"So Remainers claim Leavers are ""quitters"" #ProudToBeAQuitter #Brexit https://t.co/vWiJdQD5Py","['StigAbell', 'TheSun']"
32,R,"Editor, BBC News Mobile and Online. Previously Editor, Radio 4's @bbcworldatone (#wato) and The World This Weekend (#tw2). #tomorrowspaperstoday",suttonnick,Nick Sutton,,"Wednesday's Daily Mirror front page:
vote remain tomorrow 
#tomorrowspaperstoday #bbcpapers #euref https://t.co/KijmQy7Z4x",['BBCNews']
33,N,"Stories direct from the @SkyNews newsroom. Tweet us your queries and questions. For breaking news, follow @SkyNewsBreak.",SkyNews,Sky News,"London, UK",Not sure how to vote in the #EUref? Here's what the rival campaigns are saying about security https://t.co/gxRkP4akxq,[]
34,R,Prime Minister and Leader of the @Conservatives,David_Cameron,David Cameron,UK,.@RuthDavidsonMSP and the team made the case to #VoteRemain with real passion. Leave had no plan and are asking us to leap in the dark.,[]
35,R,"author, playwright, Southside of Chicago sistuh and Londoner, too. Politics, the rights of the other, cusine, music, the arts...and I love Robin Hood.",Bonn1eGreer,Bonnie Greer,London UK and beyond.,"High-street banks stockpiling cash for Fri: orders of financial regulator @FT
#Remain sane
https://t.co/7z7agQXEIm
https://t.co/yf9FcNmcTR","['paulconnew1', 'iratesheep', 'maiantra', 'benllewelyn', 'Another_Europe', 'SaveOurBBC_CIC', 'Jon_Date', 'HexAndBugs', 'SuzanneAnderegg', 'jk_rowling', 'michellegayle1']"
36,N,The first word in business news.,business,Bloomberg,New York and the World,Bookies and gamblers think the U.K. will opt to remain in the EU https://t.co/eFLw0TerVi #Brexit https://t.co/fGqsNY7wwM,[]
37,R,The progressive 'In' campaign against a British exit from the EU and for a social Europe Add #VoteIn to your profile: http://tinyurl.com/z2ce6mp,Another_Europe,Another Europe,UK,"We are delighted Frances O'Grady will put the trade union case for Europe in major BBC debate tonight, 8pm #EUref https://t.co/vk9ZQkWgeC","['sam_parham', 'academicsforeu', 'ZoeJardiniere', 'davidschoibl', 'HumzaYousaf']"
38,R,The Official Twitter page for Victoria Beckham,victoriabeckham,Victoria Beckham,London,"#remain ðŸ‡¬ðŸ‡§
https://t.co/Wif5nZZU8k",[]
39,R,"A B'stard who hates the lies and deception of politicians who these days, many are just in it for themselves. http://t.co/qlbKcra4Jf

http://t.co/1VNLiSmQDS",liarpoliticians,liarpoliticians,Planet Earth.,"No @SadiqKhan UK is 5th biggest economy due to City of London fraud, they launder for drug cartels etc.  #BBCDebate #Brexit #EURef","['JuliaHB1', 'romford_stu', 'VentYerSpleen', 'Holbornlolz']"
40,L,UKIP Parliamentary spokesperson. Board member of @vote_leave. Founder @LipoedemaUK. Debrett's 500 2016. Petition: http://tinyurl.com/hoksol7,SuzanneEvans1,Suzanne Evans,Wimbledon & Shrewsbury ,Soros? Why's he worried? Wouldn't he just cash in? #BlackWednesday https://t.co/gh0ecB9FFn,"['Vote_LeaveMedia', 'simplysimontfa', 'LouiseMensch', 'beleaveuk', 'LondonLeave', 'BBCr4today', 'HenrySmithMP', 'RichardHilton1', 'DavidAGunn1', 'PoliticsSense', 'Barronak', 'vote_leave', 'RichardKing633', 'oflynnmep', 'gupta_james', 'MitchellGoldie', 'forbritain', 'CllrGurjitBains', 'lawyers4britain', 'WhiteWednesday', 'Swan1305', 'BradleyRAyres', 'MartinDaubney', 'NadineDorriesMP', 'Mike_Fabricant', 'KeechA13', 'VoteLeaveUKIP', 'ThomasEvansGB', 'WomenforBritain', 'FNTBD', 'MatthewSephton', 'josephineleigh', 'Australiaunwra6', 'Markit_tweet', 'JamesKnightTV', 'anna_firth', 'Brett_Rickles', 'emma_brining']"
41,L,"Doglover,philosopher,monarchist&Tory.Blocked by Nicholas Soames,Rob HalfonMP,Owen Jones,Mo Ansar,Diane Abbott,George Galloway&Jeremy Corbyn, RTs not endorsement",bernerlap,Ann Sheridan,up a hill,#VoteLeave show your confidence in Britain https://t.co/qepdjXQcWi,"['magicalmousal', 'tj1969t', 'obviousreally', 'vote_leave', 'labourleave', 'banksthomasw', 'BBCPropaganda', 'Trev_Forrester', 'itvwestcountry', 'IanAxton', 'Nitram_MT', 'Fight4UK', 'theordinaryman2', 'jesuisturnip', 'A_Liberty_Rebel', 'PrescottBeth', 'jfbargh', 'solas56', 'jamescurtis8153', 'JorgenFaxholm', 'chrisaylett', 'qiauto', 'MarcherLord1', 'GrahamGtk1954', 'AndiNeglia', 'bernerlap', 'ilovepiesme', 'DrTeckKhong', 'JohnRentoul', 'LouiseMensch', 'JuliaHB1', 'VoteLeaveCymru', 'WhiteWednesday', 'LeaveEUOfficial', 'Tom_Slater_', 'raktimborpatra', 'cmackinlay', 'CharlesCrawford', 'DuncanHStephen', 'raggidman', 'Para_glider69', 'dobbs_michael', 'DominicFarrell', 'Vote_LeaveMedia', 'Stop_The_EU', 'Piekos', 'Stronger_ln', 'EuroGuido', 'Michael_Heaver', 'ianross6', 'Mike_Fabricant', 'Mix_Master_Mao', 'KirianSev', 'SeanLyness1', 'VoteLeaveUKIP', 'Ryan_WoodUK', 'DorianBurt', 'HeatherWheeler', 'mrDesStewart', 'ruminantsheep', 'pietercleppe', 'Nick_1683', 'MartinDaubney', 'SteveBakerHW', 'BrexitInJune', 'TheaDickinson', 'JamesDuddridge', 'tomchapman16', 'TellRanil', 'bernardjenkin', 'jasminancona', 'lawyers4britain', 'uniforbritain', 'GuidoFawkes', 'beleaveuk', 'conorburns_mp', 'geraldhowarth', 'DVATW', 'MediaGuido', 'SuzanneEvans1', 'exsacerdotal', 'NadineDorriesMP', 'Kat33e', 'Lizads3', 'Queen_UK', 'holland_tom', 'christevens', 'Cricket4Britain']"
42,N,"We’re Reality Check from BBC News, back to cut through the spin and concentrate on the facts ahead of the EU Referendum.",BBCRealityCheck,BBC Reality Check,London,.@FrancesOGrady says wages will be hit by Â£38 a week. Precise figures uncertain https://t.co/sSB0mjkf2A #BBCDebate #EUref,[]
43,R,"The Liberal Democrats exist to build and safeguard a fair, free & open society in which no one is enslaved by poverty, ignorance or conformity Led by @timfarron",LibDems,Liberal Democrats,United Kingdom,The world’s most famous footballer backs #VoteRemain. Agree with him? Pledge now https://t.co/2w5TOrQM0y #INtogether https://t.co/Ch2tot3wD6,"['timfarron', 'GregMulholland1', 'Fleur_zegt', 'PenPendragon', 'nick_clegg', 'LDINtogether', 'trevdick', 'RolandRudd', 'LibDems', '38_degrees', 'dkeene', 'JamieLibDem', 'HertsSUGrainne', 'JamesMcGrory', 'AudreyEager', 'LorraineJohnson', 'billiepiper']"
44,L,“I just would like for my grandchildren to read some day that I did my part in saving my country from this lunacy”,2tweetaboutit,Vicky,,Soaring cost of teaching migrant children: Â£3 BILLION bill ‘another reason to quit EU' https://t.co/nBwAorH3Sf   #Brexit. #EUref #LeaveEU,"['LeaveEUOfficial', 'ScienceBritain', 'EUAreKidding', 'winningmoney', 'marksinco19800', 'MarkWalia', 'OpenBritain', 'david_standing', 'HandofGOD7', 'JamesDelingpole', 'KTHopkins', 'EuroGuido', 'PeaceOutCoUk', 'V5M1000', 'simplysimontfa', 'DVATW', 'thierrybaudet', 'justdavephelps', 'JASEMARKRUTTER', 'MattPope123', 'boogaloo44', 'pjpaton', 'patcondell', 'LadyMercia', 'oflynnmep', 'vote_leave', 'JDHughes4', 'LiamFoxMP', 'theordinaryman2', 'AwayFromMars', 'JennaVAtion', 'owenkirby', 'edwardsj1978', 'MrChrisLent', 'jongaunt', 'JuliaHB1', 'jim_c500', 'EU_Buster', 'lawyers4britain', 'DrTeckKhong', 'femiokes', 'CharlieRatster', 'RaheemKassam', 'PaulBrothwood', 'dobbs_michael', 'ukipwebmaster', 'SiDedman', 'Baldursrun', 'AnonymusPersona', 'Manville54', 'davidroachcouk', 'LPerrins', 'Kels_Arnold82', 'george_moties', 'LBC', 'terrylawes', 'UKIP', '2tweetaboutit', 'Jane_CollinsMEP', 'h8kes', 'MikeInCarleton', 'baggiedave70', '19Hope60', 'DarrelKwong', 'gupta_james', 'soesource', 'LouiseMensch', 'SirBentlyBlower', 'BrexitNoww', 'KoBarclay', 'Stop_The_EU', 'roygsymonds', 'HARRYCHUNKK', 'JulesSunbeam', 'Michael_Heaver', 'lizbilney', 'Vote_LeaveMedia', '100pcLondoner', 'UKIPWebb4London', 'StigAbell', 'avemariarebecca', 'pablothehat', 'PeterWilliamMos', 'NadineDorriesMP', 'sarahjanesewell', 'stardust193', 'unix_dude', 'BBCNews', 'josephineleigh', 'realdealdanny', 'ttimbertony']"
45,L,MEP for the East of England,oflynnmep,Patrick O'Flynn,,Parsons absolutely nailing it with the audience in the country. A brilliant moment for Leave. #VoteLeave,"['obknit', 'VoteLeaveCymru', 'vote_leave', 'paulnuttallukip', 'Vote_LeaveMedia', 'HenrySmithMP', 'RichardHilton1', 'NathanGillMEP', 'igeldard', 'Meliden', 'dobbs_michael', 'Jade_S97', 'steven_winstone', 'montie', 'davidburrowesmp', 'NadineDorriesMP']"
46,N,"@BBCRadio4 flagship news programme, on air 6-9am weekdays and 7-9am on Saturday. Talk about the programme #r4today",BBCr4today,BBC Radio 4 Today,"London, UK","Buckle up.

What does a car tell us about the EU? https://t.co/SBo9SgRuQa #EUref https://t.co/hrTt7K2gml","['BBCWorldatOne', 'BBCWorldTonight']"
47,L,Columnist for @TheTimes. I Tweet about US politics via @MontieUSA,montie,Tim Montgomerie ن,,#BBCDebate is going to be good for Leave. Remain wanted the image of #Brexit to be Farage - not two mums and UK's most popular politician,"['dobbs_michael', 'gupta_james', 'JuliaHB1']"
48,N,"Former Deputy Leader of the Labour Party, UK Deputy Prime Minister 1997-2007 and Sunday Mirror Columnist",johnprescott,John Prescott,Hull,"Night folks. Up early tomorrow. Enjoyed reading your #BBCDebate tweets.
But whether you're leave or remain, please vote. #euref",['DavidPrescott']
49,L,★ Independent Media ★,ohboywhatashot,Oh boy what a shot,,#VoteLeave https://t.co/NRXNpOGJuG,['LeaveEUOfficial']
50,L,"American #Entrepreneur, athlete, globetrotter living in #Washington #DC @EmmeGirls COO @GlobalBoost CEO. #Blockchain $BSTY #Gold #ModelBuzz #veterans",NetworksManager,"Bruce Porter, Jr.",Washington DC,Sooner u realize koran teach invade by migration &amp; this same enemy we had to kill 1000 yr ago the better.@DebbieDo75 https://t.co/eSeo2l6xHr,"['IServedDidU', 'NetworksManager', 'kansashillbilly', 'PeterTownsend7', '55Lidsville', 'TheMowll', 'leftforexit', 'Twitmcic', 'Zoo9guy', 'Reprobait100', 'davidWeissman3', 'VernonBush8', 'buffbro1', 'roomdesign3', 'BellaSassin', 'trvlnthru', 'POff101', 'OffTheMenu67', 'lamoniromero', 'JoanPitre', 'Fens16D', 'Lydela1', 'littlebitgood', 'GreenlakeRun', 'Roy12212012', 'Truthdojo', 'TeaPartyStance', 'elkhorninn', 'DefiantLionUK', 'aliotta_joseph', 'banjer1234', 'jacnaber', 'Females4Freedom', 'Addertje2', 'ranger10776', 'puffin1952', 'IanSluggy40', 'RenRossi', 'CoyHamp', 'ChrisKyle02', 'gswalrath', 'porthos4424', 'erikerdbrink', 'rmayerOnyx', 'LucidHurricane_', 'Maddog5827', 'UnitedCitizen01', 'Barracuda2016', 'pink_lady56', 'PatriciaBride', 'huWhiteDaily', 'braintwat', 'ObozoLies', 'Nelronnie']"
51,L,"#brexit is all about democracy. Being able to democratically control the laws, borders, trade, & costs of OUR country. #remain don't want this. #VoteLeave",Patriotic_Brit,British Patriot,,Dear @JunckerEU this is MY flag. This is MY country. Hands off. #voteleave not #remain. #euref #LeaveEU https://t.co/eDvJMFJujs,"['LouiseMensch', 'vote_leave', 'richyh5712', 'K69atie', 'Anorakian', 'Gertusout', 'brexit_yes', 'Arron_banks', 'LeaveEUOfficial', 'BeeAHoney_', 'jezz455', 'belfastjj', 'BrianMcAuslan', 'DanHannanMEP', 'KTHopkins', 'ukleave_eu', 'MCH1951', 'WalkerTheCrisp', 'LesleyMillercyp', 'kipperlounge', 'CommonSenseNic', 'glopol_analysis', 'zen9993', 'MdDeactivated', 'MidEastNews', 'Patriotic_Brit', 'DeniseDennyp342', 'CarynCain', 'theordinaryman2', 'TGRWorzel', 'davidroachcouk', 'DVATW', 'stardust193', 'RichardWellings', 'GrrrrJones', 'DavidJo52951945', 'BrexitInJune', 'terrylawes', 'CllrBSilvester', 'nic9nein9', 'lonie_mark', 'A_Tsatiashvili', 'jennyriarchi', 'alanjamesrees', 'Vote_LeaveMedia', 'uniforbritain', 'V_of_Europe', 'Based_Vader', 'Markymoomoo39', 'forbritain', 'Htimsnalced', 'DaveT100', 'AnnedeAnnie', 'mg_jacobs', 'Barber1956', 'Glo_Thienel', 'nicholashill', 'huckle_paul', 'yorkshirebec', 'Perry7895', 'mkpdavies', 'Complaining_Q', 'Calgacus2016', 'LiamPLEdwards', 'numpty_moan', 'MatthewSephton', 'LewisCallum', 'Brianna_Bethany', 'connor_audrey']"
52,R,"Football writer and broadcaster, England correspondent of France Football and RMC, contributor to The Blizzard and 8x8. Musician when none of the above.",PhilippeAuclair,Philippe Auclair,London,What about 'working-class lad who went on to captain his country through talent and hard work'? https://t.co/syoz0LD4EA,[]
53,L,Conservative MP for Wycombe since 2010. Tweets from Steve and the team.,SteveBakerHW,Steve Baker MP,"Wycombe, UK",#VoteLeave  https://t.co/TTLdFJKh52,"['consforbritain', 'vote_leave', 'Royston_Smith', 'Vote_LeaveMedia', 'hawkstias', 'andrealeadsom', 'BrexitInJune', 'forbritain', 'WomenforBritain', 'JamesDuddridge', 'lawyers4britain', 'uniforbritain', '_hanimustafa', 'beleaveuk', 'MitchellGoldie', 'LondonCF']"
54,R,Executive Director of Britain Stronger in Europe @StrongerIn. Occasional tweets about Blackburn #Rovers & cycling.,wdjstraw,Will Straw,United Kingdom,"Sadiq: ""A slogan is not a detailed plan"" #StrongerIn #VoteRemain","['StrongerIn', 'nickherbertmp', 'StrongerInPress', 'anthonypainter', 'JamesMcGrory', 'EmmaReynoldsMP', 'RolandRudd']"
55,R,"I write, act, sing and cook. Occasionally, even for money. Contact me: https://sturdyblog.wordpress.com/about/ Please help my crowd-funded reporting on #Greece:",sturdyAlex,Alex Andreou,"London, UK and Mykonos, Greece","This is both utter genius and BASICALLY the #Brexit position. 
""Cats would vote to leave EU, then refuse to go out"" 
https://t.co/D1aXit3OB7","['sturdyAlex', 'DSORennie', 'ViceroyFrederic', 'joskyn100']"
56,N,"Presenter on Al Jazeera; a Brit lost in DC. Biographer of Ed Miliband. Former HuffPost and New Statesman bod. Retweets aren't endorsements, etc.",mehdirhasan,Mehdi Hasan,Washington DC,"Dear UK Twitter, how do I watch the BBC #EUref debate here in the US of A? Any ideas?

Yours,

Mehdi-missing-home","['SkyNews', 'AJUpFront', 'Doylech']"
57,L,"Conservative MP for South Thanet. Lover of long beach walks with my wife, Kati and my Labrador, Libby.",cmackinlay,Craig Mackinlay,South Thanet,Stand out from tonight's debate - standing ovation for Boris' closing statement #ProjectHope #Voteleave #bbcdebate,"['SteveBakerHW', 'bernerlap', 'vote_leave', 'MitchellGoldie']"
58,L,Creator of 'House of Cards' and Harry Jones thrillers. Member of House of Lords. 'A man who in Latin America would have been shot.' And there's still time.,dobbs_michael,Lord Michael Dobbs,,More regulation or more freedom? Bureaucracy or democracy? Fear or ambition? Inside of alongside?Take a deep breath of fresh air. #VoteLeave,[]
59,L,Lawyers who believe there should be a substantial change in Britain's relationship with the EU. #voteleave,lawyers4britain,Lawyers For Britain,,Democracy is enormously important. The EU has outgrown it's noble dream. #VoteLeave #TakeControl #BBCDebate,"['vote_leave', 'SteveBakerHW', 'ChloeVotesLeave', 'AmandeepBhogal', 'MRA_99', 'TellRanil']"
60,L,Chilled Bookkeeper from Norfolk UK. Trained Nutritionist with a Passion for Health & Fitness. Voting Leave EU. Big Vinyl Fan. Jazz Record Collector & Trader.,PeaceOutCoUk,Chris Neal,"Norwich, England",J.C. Juncker says HE NEEDS AN ARMY TO 'FACE UP TO' RUSSIA. Are You Voting For This? #VoteLeave #EUref #Brexit #leave https://t.co/QVsWKj7Lmb,"['Dux_93', 'nr100ap']"
61,L,I support #Brexit | #LeaveEU | @Vote_Leave | Lets govern ourselves | anti #TTIP | ENTP | Spreading the good news: #Brexit is coming,SJ_Powell,Steve Powell,,"#Voteleave to benefit from a world of opportunity

#EUref #Brexit
https://t.co/bSbQ2GeAa4","['MathFaithWorks', 'vote_leave', 'KellyChan86', 'theordinaryman2', 'ben_kew', 'Trev_Forrester', 'timothy_stanley', 'steven_winstone', 'DVATW', 'bernerlap', 'PhotoMonty', 'GT_Tiger', 'sidrufdiamond', 'robcundy', 'scovers123', 'joofford', 'HfromHorley', 'StephenHill10', 'dobbs_michael', 'ShakerMaker123', 'ampmdespatch', 'lucid_dementia', 'jonathanshone', 'Gallon73', 'SJ_Powell', 'GeekCrypto', '_WilliamJones_', 'surferchecker']"
62,L,"'The measure may be thought bold, but I am of the opinion that the boldest are the safest' Admiral Lord Nelson #voteleave",terrylawes,Terry Lawes,,"'The measure may be thought bold, but I am of the opinion that the boldest are the safest' Admiral Lord Nelson #voteleave on Thursday","['Dwalingen', 'Legal_Poodle', 'Mike_Fabricant', 'UKIP_Voter', 'TheScepticIsle', 'DVATW', 'LouiseMensch', 'Vote_LeaveMedia', 'WestCapeTribune', 'vote_leave', 'UpNorthandGRIM', 'JTeesdale1', 'BetterOffOut', 'CarolMurphy2013', 'marie52d', 'colbaltsparkle', 'liarpoliticians', 'StudentVoicesUK', 'LiberalLeave', 'oflynnmep', 'CllrBSilvester', 'SurferObserver', 'HonourCovenant', 'Leavethe_EU', 'LeaveEUOfficial', 'bernerlap', 'DavidMurphy27', 'GrahamLKeegan', 'Roselady64', '2tweetaboutit', 'Lambrettaman6', 'DailyAgendaUK', 'SteveBakerHW', 'SuellaFernandes', 'V_of_Europe', 'RayUngerer', 'StrongerOut', 'slurryoffagrape', 'EUAreKidding', 'A_VanderElst', 'PPpraat', 'MartynPrice3', 'BrexitNoww', 'NadineDorriesMP', 'Labour_Values', 'ThomasEvansGB', 'scottamylola', 'NathanGillMEP', 'GreensForEurope', 'MdDeactivated', 'deejayhome', 'ScotsVoteLeave', 'spursfan2468', 'SuzanneEvans1', 'davideclifford', 'AMTrump4PRES']"
63,L,"Work in Politics. Foodoholic. Lincolnshire girl in London. Also @womenforbritain  #brexit
https://t.co/vLDFz8uQ1g…
https://t.co/1bK77jRTUa",sarahjanesewell,Sarah-jane Sewell,Lincolnshire / South London,The Common Travel Area doesn’t depend on the EU - it will carry on after we Vote Leave. #VoteLeave #BBCDebate,"['SmallwoodCorner', 'AmandeepBhogal', 'L_Springthorpe', 'LondonCF', 'vote_leave', 'Vote_LeaveMedia']"
64,L,BeLeave is the group representing young people in the campaign for a 'leave' vote in the EU referendum. Putting forward an optimistic case for leaving. #BeLeave,beleaveuk,BeLeave,info@beleave.uk,Lots of BeLeavers at tonight's debate at Wembley arena! Remember to use the hashtag #BeLeave too!,"['beleaveuk', 'uniforbritain', 'Khyberman']"
65,L,"Conservative MP for North Somerset, former Defence Secretary and creator of http://oneminutefox.com Founder of the 'Give Us Time' (@giveustime) military charity",LiamFoxMP,Dr Liam Fox MP,North Somerset,A generation of young Europeans has been sacrificed on #Euro ideology. The #EU is failing #VoteLeave #BBCDebate #EUref #Brexit #TakeControl,"['itvwestcountry', 'NimeshITV']"
66,L,"Official Twitter of ground breaking Author & Public Speaker, David Icke. For Bookshop & Weekly Videocasts - http://www.davidicke.com/headlines/ #DavidIcke",davidicke,David Icke,"Isle of Wight, England",Two murdered women politicians ahead of EU votes - coincidence?: https://t.co/KsJSRgEWuX #Brexit #EU #JoCox https://t.co/PUzjDBj0BW,[]
67,L,"Doctor, Law grad, ex-Police Surgeon talks politics, health, cars. TEDx speaker. Friendly & good-humoured. Brexit for a greater Britain! Like + RT ≠ Agreement",DrTeckKhong,Dr Teck Khong,Great Britain,"#BBCDebate highlighted key differences: confidence, independence of Leave vs timidity, dependency of Remain
Democracy vs Autocracy

#Brexit","['moondevil', 'rocket_sally', 'DemocraticBloke', 'obknit', 'brexit999a', 'gjb70', 'jdupdater2', 'JEL248', 'alfiekhadka', 'JulieMarson', 'ChrisBaxi', 'femiokes', 'Teus56', 'ScotJock', 'Lin_121', '09EA63', 'jamesbarton79', 'Daily_Ref', 'John__Hasa', 'PRMeason', 'JBlurb1', 'EFTAnotEUSSR', '2purplebricks', 'jp9290', 'EU_Tyranny', 'ILikeBlackHoles', 'benjastley', 'Hobogasz', 'wendytorquay', 'deadcert', 'englandpaddy', 'yaklet71', 'SamanthaLouize7', 'marjungood', 'SubZeroPyro666', 'lord_edwards', 'Linda_b_123', '138EFC', 'AndreaBailey3', 'Balinteractive', 'cheekymonky73', 'LouiseMensch', 'amccoull', 'amara5500', 'welshybow', 'toonpaddymal', 'Sheffman2', 'V_of_Europe', 'ukipactivist', 'theordinaryman2', 'racheljoyce', 'amysteron', 'mazzphilo', 'bondrich', 'r2ssnc', 'vote_leave', 'SuzanneEvans1', 'Holbornlolz']"
68,L,"Tell the truth! Banned by Facebook, BBC, The Mail, Guardian, Express, Telegraph http://t.co/EujOYzBt & many other forums for doing so http://t.co/SMpAZ6kO",Ironwand,Michael Graham,London,"If you're happy with those who made this happen, vote to to #REMAIN in the EU. If you are not #VoteLeave

#Brexit 37 https://t.co/fERHd8LrCP","['jetsolaire', 'MaxdixieHayes', 'cwllwc', 'dindunuffinyt', 'freddie1999', 'NonjobSeven', 'ScotsVoteLeave', 'BillDudleyNorth', 'Amathyst25', '2purplebricks', 'ANDREASSTAVRI', 'either_orwell', 'sidney_deborah', 'englandsnumber6', 'ohboywhatashot', 'baldeguy56', 'Legal_Poodle', 'RavenHUWolf', 'Patriotic_Brit', 'cafe_mic', 'St_Gaz', 'FashyGoy', 'big_mikky', 'CaptHaddock83', 'Ironwand', 'MavisStott', 'derekjparr', 'DorsetRebel', 'MaponusR', 'BritsLovePolls', 'LiamPLEdwards', 'survey_tweeter', 'BenidormTalk', 'hoskas', 'saxbyjonathan', 'J4Bernie', 'Beauchamp74', '_AhmedTweets_', 'KjellLanoye', 'nibbs007', 'paulhilder', 'pokeefe1', 'SkyNews', 'Ashley_Bullard', 'LeaveEUOfficial', 'andreassoridis', 'NadineDorriesMP', 'IanAxton', 'BBCr4today', 'IrateBrit', 'PrisonPlanet', 'KTHopkins', 'DanHannanMEP', 'EUNoticeFacts', 'chasmata', 'CreatorAlliance', 'kennym8635', 'elderberryt', 'LogicalCampaign', 'ruxtab', 'vote_leave', 'StephenLawton_', 'Fight4UK', 'Mike_Fabricant', 'bernardjenkin', 'Mr_Woodster', 'ianrmillard', 'ThomasEvansGB', 'MdDeactivated', 'DeborahPTodd65', 'nakamenjima', 'Hunter1872']"
69,L,We need to liberate Europe from EU and control immigration to save our future. Anti EU / Pro Europe / #MAGA,V_of_Europe,Voice of Europe,Free World,The remain campaign is dirty and is about stereotyping the leave campaign and scaremongering. #Brexit #BBCDebate https://t.co/PvANSCVt2T,[]
70,R,The voice of Britain at work. 52 unions: 5.8 million members. Campaigning to protect the right to strike.,The_TUC,TradesUnionCongress,United Kingdom,We don't trust this bunch of Brexiteers. They are a danger to our rights at work https://t.co/4aVYm5NewR #EUref https://t.co/Rwxq87F7VE,"['StrongerInPress', 'FrancesOGrady']"
71,L,The leave campaign for all women who believe the UK will thrive as a free and independent nation outside the EU. #GoGlobal #OneVote #OurFuture #VoteLeave,WomenforBritain,WomenforBritain,United Kingdom,From the 'IN' campaign tonight we heard NO plan for controlling immigration #Voteleave #bbcqt,"['TheaDickinson', 'vote_leave', 'sarahjanesewell', 'AmandeepBhogal']"
72,R,Come and see LIMMY LIVE in London + Salford in September! CLICK THE LINK!,DaftLimmy,Limmy,Glasgow,I wonder how the big man's voting in the #EUref https://t.co/02cMvEy35V,[]
73,L,,david_profdavey,David Jones,,,"['MollyMEP', 'DickGraceless']"
74,L,Director of The Freedom Association (@tfa4freedom) and the Better Off Out campaign (@betteroffout). Tweets in a personal capacity. Let's make the UK free again.,rorybroomfield,Rory Broomfield,London Town,"The #EU gives economic stability, security and prosperity. Oh, wait... https://t.co/XykYFsBQaZ #EURef #Brexit #VoteLeave #BetterOffOut","['BetterOffOut', 'tfa4freedom', 'MarcusFysh', 'LeaveEUOfficial', 'DrTeckKhong']"
75,L,"Better live one day as a tiger, than a thousand as a sheep. PEGIDA ,PRO Israel , FX TRADER  All thats for Evil to prevail good men do nothing",Juliet777777,Juliette,ENGLAND ,"#QUEEN SAYS GET US OUT OF #EU YOU CAN IMAGINE  WHAT #PRINCEPHILLIP  THINKS  !!!  #BREXIT #LEAVE #UK 
https://t.co/jD3S257M2T #BRITISH #UKIP","['georgeigler', 'Patriotic_Brit', 'TornadoNewsLink', 'BooyahBoyz', 'ExposingBBC', 'TotallyTopical2', 'sandrasmile', 'Juliet777777', 'Vote_LeaveMedia', 'colbaltsparkle', 'theordinaryman2', 'Stop_The_EU']"
76,N,"The latest news, business, sport, comment, lifestyle and culture from the http://telegraph.co.uk team.",Telegraph,The Telegraph,"London, UK","#EUref: What are the alternatives if Britain leaves the EU? https://t.co/lNcrOWP42D #BBCDebate
https://t.co/LeOkE6Pjta",['TelePolitics']
77,N,"Brit,Ugandan,Asian - views are personal - proudly not politically correct - Friend of Rwanda",npuk1,Nick,Living in Mauritius,if you thought the #euref debate was poisonous..follow tweets of Hilary &amp; Trump about each other..takes poisonous into uncharted turf..,[]
78,R,The Conservative campaign to support the UK remaining in a reformed EU.,ConservativesIN,ConservativesIN,,The U.K. is not part of the Schengen passport free area - so we have control of our borders #BBCDebate #StrongerIn,"['PA', 'StrongerInPress', 'JustineGreening', 'Students4Europe', 'victoriabeckham', 'George_Osborne', 'BBCNews', 'nickherbertmp', 'CharlotteV', 'SkyNews', 'lucycthomas', 'wdjstraw', 'trussliz', 'theresecoffey', 'ben4ipswich', 'DamianCollins', 'NickyMorgan01', 'SamGyimah', 'nickeardleybbc', 'suttonnick', 'BBCNewsnight', 'RobertJenrick']"
79,L,"Old Whig. Columnist with CapX, ConservativeHome and the Washington Examiner. Conservative MEP. Author of Why Vote Leave. https://t.co/6rU0NvpGbS",DanHannanMEP,Daniel Hannan,,"""Would anything cheer you up, @RealGrumpyCat?""
""Only one thing: getting out before the EU collapses!""
#VoteLeave https://t.co/YlfcrJIQLJ","['maticatradio', 'reactionlife', 'NebojsaMedojevi', 'beleaveuk', 'SpectatorEvents', 'medicine_maker', 'StephenNolan', 'vote_leave', 'DzDownUnder', 'Maccabee3Star', 'AmandeepBhogal', 'mark4dewsbury']"
80,L,Conservative Member of Parliament for Aldershot. Former Defence Minister. Aviation enthusiast.,geraldhowarth,Sir Gerald Howarth,Farnborough/Aldershot,Standing ovation for Boris Johnson #VoteLeave #ProjectHope #bbcdebate,"['vote_leave', 'SteveBakerHW', 'SuzanneEvans1', 'DVATW']"
81,L,"The World stands on the brink of a collective awakening! More people everyday realise something is not right, not sitting comfortably in their hearts! Awaken",Australiaunwra6,David Peterson,,Time to brick up the channel tunnel ? #Brexit,"['unslaving', 'wisshann', 'twitchicken', 'Stroopdoos', 'luvmigurls', 'ira_tenax', 'Snoddbadd', 'laurenkaine', 'junglebuggz', 'Yoridoo', 'crankyallAnimal', '1947waveney', 'rubraduke', 'AnonymusPersona', 'GT_Tiger', 'AndresRosea', 'JohnAHale', '23Jfreedom', 'MarieBeryl', 'The_Leaver', 'sleddogteam', 'PaulineMCooper', 'Australiaunwra6', 'EDUstudies', 'miketribe66', 'thebobnotes', 't5monkey', 'turtlesisland', 'sja123', 'KevinLeary9', 'MsCatieMaxx', 'El_Lobo_14', 'danny1979', 'Leavethe_EU', 'Saxondragon', 'CllrCorkindale', 'tudorrose16', 'SCG_UK', 'SileER', 'RedHotSquirrel', 'HongPong', 'scottspeig', 'tartyblanche', 'puffin1952', 'DebEDaniels', 'AmalReetpet', 'JorgenFaxholm', 'DavidCockerham', 'NOTTHESAMEAGAIN']"
82,R,"Yorkshire & Humber MEP. Deputy Leader of Labour MEPs. Vice-Chair UK @euromove, euromyth-debunker. My app is Doorstep EU. RTs aren't endorsements. #StrongerIn",RCorbettMEP,Richard Corbett,Yorkshire,Look forward to this evening's debate in Batley on #EUreferendum and paying tribute to Jo Cox https://t.co/d1PsMOuU2X,"['JonnySongs', 'OssettObserver', 'ikramofficial', 'HullsEnterprise']"
83,R,,junayed_,J. Ali,,"And that is why he's the Mayor of London. #VoteRemain
https://t.co/f1Z3UbEhRq","['conscsc', 'WombleBexy', 'Dav350_']"
84,L,Author and Commentator PhD LLM #SignificanceOfBorders Founding Director of the Forum for Democracy @fvdemocratie,thierrybaudet,Thierry Baudet,"Amsterdam, Netherlands",A brilliant Dan Hannan #VoteLeave  https://t.co/9w4tEgN4a5 via @youtube,"['malcolmcameron7', 'vote_leave', 'YanniKouts']"
85,L,Photographer. #UKIP supporter. Liberal Libertarian - Globalist - Save #Dawlish line! #BRFC @Rovers - Disabled - Anti-#TTIP Pro-#Israel Anti-#EU #VoteLeave,ThomasEvansGB,Thomas Evans,England,"""Rest in Power"": Corporate Spin Doctors Take Control of Cox Image https://t.co/Rvqp1sGuiB via @GuidoFawkes #EUref","['CEO4TAG', 'SuzanneEvans1', 'dazeoff', 'r2ssnc', 'danedweller', 'JoeWatts_', 'vote_leave', 'dobbs_michael', 'BBCBreakfast', 'lawyers4britain', 'SuellaFernandes', 'JuniorBez1997', 'MercianSaxon', 'oflynnmep', 'yorkshirebec', 'SkyNewsBreak']"
86,L,A cross-party campaign giving a voice to the Young Eurosceptics of Britain. #VoteLeave Join our campaign or let us join yours: youngeurosceptics@gmail.com,Y_Eurosceptics,Young Eurosceptics,,We've lost around 75% of cases in the European Court of Justice. #VoteLeave #BBCDebate,"['suttonnick', 'vote_leave']"
87,L,Brexiteer promoting a market solution to EU exit. Fellow of the @ASI. Tech PM. Twitter alias named after ERM exit on 16/09/92. euexit@gmail.com,WhiteWednesday,Roland Smith,"Chiltern Hills, Bucks",#BBCDebate https://t.co/sZoZ7MgDQs,"['A_Liberty_Rebel', 'LBC', 'JohnRentoul', 'minefornothing', 'LouiseMensch', 'BardenGridge', 'PeteNorth303', 'asabenn', 'DominicFarrell', 'WhiteWednesday', 'Akabilky', 'paulrey99', 'TheScepticIsle', 'JonHolb', 'lawyers4britain', 'Stronger_ln', 'SamHooper', 'Gerald_Ashley', 'COdendahl', 'simonjhix', 'Survation', 'lostleonardo', 'CharlesCrawford', 'Jackal854', 'CJCHowarth', 'toadmeister', 'PollstationUK', 'TheSun', 'cmackinlay']"
88,R,"First Minister of Scotland, @theSNP Leader and MSP for Glasgow Southside.",NicolaSturgeon,Nicola Sturgeon,"Glasgow, Scotland",No doubt at all that @SadiqKhan @RuthDavidsonMSP @FrancesOGrady won #BBCDebate hands down tonight. Powerful case for #VoteRemain #EUref,['theSNP']
89,L,"#transgender [omitted] Muslim druid. Voted 'Black Woman of the Year 2015' #WrongSkin #racefluid #ElectroFolk 
'a fuckin genius' - @Glinner",GodfreyElfwick,Godfrey Elfwick,The Path to Enlightenment,Not controlling immigration and allowing anyone into the UK is the only sensible way we can show the world how unracist we are. #EUref,[]
90,R,Mayor of London. #TeamKhan,SadiqKhan,Sadiq Khan,"Tooting, London","Making the positive, patriotic case for remaining in the European Union in today's @standardnews #StrongerIn #EUref https://t.co/8WPDW2BxX4",[]
91,R,"Senior Research Fellow, European Institute, London School of Economics (@LSEE_LSE) / Balkans Turkey Greece Cyprus / EU Enlargement / Secession & Recognition #IN",JamesKerLindsay,James Ker-Lindsay,"London, UK",#EURef now attracting huge interest worldwide. My comments on how it came about and its impact for #EU @AJBalkans https://t.co/MdQ2DIfBNG,['LPNorthover']
92,L,Well-travelled geopolitics aficionado  and a strong supporter of Britain's exit from the EU. #MyViews. RTs and Follows are not endorsements,RedHotSquirrel,Robert Kimbell,England,Pew Research Centre says that just 27 percent of Greeks surveyed have a favorable opinion of the EU. We are NOT alone! #VoteLeave,"['Coral', 'Trev_Forrester', 'Y_Eurosceptics', 'timothy_stanley', 'CJCHowarth', 'EuroGuido', 'vote_leave', 'muheedjeeran', 'childofthe60s', 'SJ_Powell', 'LouiseMensch', 'HankAndMarie', 'Dwalingen', 'paulmacandjanie', 'BabyJamieHudson', '__GriffCo__', 'EU_Buster', 'DavidJo52951945', 'ExposingBBC', 'bernerlap', 'Englishpapist', 'EuropeElects', 'nexitnews', 'BrexitFact', 'hws5mp', 'Daedalus6', 'LeaveEUOfficial', 'Vote_LeaveMedia', 'NathanGillMEP', 'davidburrowesmp', 'MarcusFysh', 'ThomasEvansGB', 'Mike_Fabricant', 'SteveBakerHW', 'TaleahPrince', 'oflynnmep', 'its_jessy_xoxo', 'DRDaleRoberts', 'itsmrsvickyc', 'BLAMWebsites', 'strikeitharry1', 'Ashley_Bullard', 'DKMatai', 'WeAreResource', 'fowl_original', 'terrylawes']"
93,L,The official student campaign to vote to leave the EU on June 23rd. Sign up at http://www.studentsforbritain.org :) #VoteLeave #BeLeave,uniforbritain,Students for Britain,chair@studentsforbritain.org,BBC didn’t point out that just 6% of our businesses export to the EU - but all of them have to comply with EU rules.  #VoteLeave #bbcdebate,"['vote_leave', 'ChloeVotesLeave', 'beleaveuk']"
94,N,"The latest breaking news, direct from the Sky News team. Tweet @skynews with any questions or queries.",SkyNewsBreak,Sky News Newsdesk,"London, UK",U.S. Treasury Department: U.S. financial regulators discussed possibility of the UK leaving the European Union in a closed meeting #EUref,[]
95,N,"Strategist on strategic geostrategic strategy. Self celebrated writer, self awarded award winner. Twitterist. Insightful. Interests: Current and other affairs",majorlyp,"DrMajorlyPhD, Expert",,What happened to Pippa's backside? Did Kate pop out another baby? British papers are getting distracted with #Brexit &amp; abdicating their duty,[]
96,R,Scotland's largest political party and party of Government. Centre left and social democratic.,theSNP,The SNP,"Scotland, Europe","Watch the #EUref #bbcdebate live now on BBC1, featuring @HumzaYousaf making the #VoteRemain case: https://t.co/O41tuxA7qA","['MumsnetTowers', 'NicolaSturgeon', 'HumzaYousaf', 'OwenThompson', 'GavinNewlandsMP', 'StephenGethins', 'DerekMackaySNP', 'christina014_']"
97,L,"Disaffected Tory, Cameron is a traitor to his own people, so cannot support him.
They LIE, we deserve better.
#Brexit. Blog= http://ukrants.co.uk",uk_rants,UK Rants,UK,"Bank of England reckons #Brexit is hazardous, or just that Goldman Sachs stooge Carney?
Can you SEE the con yet? https://t.co/A7rSALnmDE","['SocialistVoice', 'hen5269', 'Leavethe_EU', 'DJack_Journo', 'TMITGS', 'A_Liberty_Rebel', 'carelesscarer', 'jeanniejuno', 'LouiseMensch', 'NadineDorriesMP', 'DrTeckKhong']"
98,L,Social and political commentary from the Eurosceptic-in-Chief,MarcherLord1,Marcher Lord,Pytchley Country,Welcome to your future #Remain  https://t.co/5MIvBzAJZ6,"['annietrev', 'MrBumpa', 'Freeas4bird', 'WholeLottaSusie', 'LOLHARE', 'brgdbrs', 'SkyNews', 'DanHannanMEP', 'Big__Kev', 'minefornothing', 'Dwalingen', 'terrylawes', 'montie', 'AppleWhor3', 'SThompsonIV', 'jennyriarchi', 'cmackinlay', 'BanTheBBC', 'BBCNews']"
99,L,"Named as a top UKIP twitter influencer to follow Mainly political tweets  UKIP Rope Parish Cllr. Former D.Ldr Cheshire E, Former Ldr,Mayor Crewe+Nantwich
#Trump",CllrBSilvester,Cllr.Brian Silvester,Cheshire East,PM 'arrested' after he illegally uses 10 Downing Street for a #REMAIN broadcast during the purdah period of #EURef https://t.co/epxqhr93Bf,"['WorldSolidarity', 'ktf1965', 'AngloBeat', 'BrexitNoww', 'BearGardenMan', 'Legal_Poodle', 'thesundaytimes', 'LeaveEUOfficial', 'DominicFarrell', 'nanette0803', 'Dwalingen', 'ThomasEvansGB', 'andrealeadsom', 'OutandProudUK', 'scotpolitik', 'Fight4UK', 'Wheeler_Pol', 'sarahjanesewell', 'JePatriote', '2tweetaboutit', 'OFrancois60200', 'theordinaryman2', 'DirtyFrome', 'WhittleseyOne', 'terrylawes', 'flyingfury1940', 'gavthebrexit', 'LPerrins', 'Stop_The_EU', 'jdwtweet', 'Ironwand', 'Sideways_On', 'Jeansmart45Jean', 'BetterOffOut', 'nufcno1fan', '2010LeeHurst', 'LesleyMillercyp', 'DRoberts44', 'jennyriarchi', 'amara5500', 'davidwebb27', 'Roselady64', 'JuliaHB1', 'susanandjohnte1', 'ruraloutback', 'themsmint', 'BeeAHoney_', 'DbAshby', 'BuntyBagshawe', 'AtheistMayhem', 'oldbid45', 'annembee', 'TOVAOD', 'Charlton_UKIP', 'JoKer33817736', 'fifi_j', 'me4ukip', 'wisermonkeys', 'vote_leave', 'NathanGillMEP', 'BBCRealityCheck', 'lisa_alba', 'Mike_Fabricant', 'ToastersForever', 'geraldhowarth', 'uniforbritain']"
100,R,"Survivor of the Great Depression, RAF veteran & activist. Harry's Last Stand published by @iconbooks, & Love Among the Ruins out now in paperback.  .",Harryslaststand,Harry Leslie Smith,United Kingdom,"Europe protects our rights to paid holiday, equal pay and maternity leave. Don’t put them at risk, vote #Remain #BBCdebate","['Andy4Manchester', 'UKLabour', 'Ekklesia_co_uk', 'CPJElmore', 'DaveRTaylor7', 'incrediblyEU', 'TolpuddleTim', 'yorkshirepost', 'broxtowelabour', 'BroxMomReading', 'MxJackMonroe', 'HistoryNeedsYou', 'susana_mendonca', 'KeeleyMP', 'StrongerIn', 'The_TUC']"
101,R,Florence Welch of Florence and the Machine.,flo_tweet,florence welch,,ðŸŒ�â�¤ï¸� #referendum #remain xx https://t.co/HLt1NvpEAw,[]
102,L,"Former stand-up comedian. I make videos advocating secularism, democracy and free speech. I'm not on Facebook. All Facebook pages in my name are fake.",patcondell,Pat Condell,London UK,"The #EU was designed to neutralise democracy, to empower politicians at our expense, and to make them our rulers, not our servants.",[]
103,L,"Libertarian. Not keen on socialism, bureaucracy or undemocratic institutions. All views my own. #VoteLeave",ChloeVotesLeave,chloe westley,London,Jeremy Corbyn has said we can’t control inward migration if we’re in the EU...https://t.co/Q1vvxD9PMW #VoteLeave #bbcdebate,"['vote_leave', 'WomenforBritain', 'lawyers4britain', 'MartinDaubney', 'LiamFoxMP', 'jsdorset', 'sarahjanesewell', 'SteveBakerHW', 'cmackinlay', 'StarAnderton', 'Lab_Westbourne', 'DVATW', 'TellRanil', 'LouiseMensch', 'LondonCF', 'consforbritain']"
104,R,"The Chief Mouser to the Cabinet Office. I'm a 9 year old tabby, brought in to deal with the huge rat problems inherited from Labour. Unofficial.",Number10cat,Larry the Cat,"Downing Street, Westminster","David Beckham's son worked in a cafe for Â£2.68 an hour; Nadine Dorries' daughter paid Â£40,000+ working for her... https://t.co/WMWmCDERfc",[]
105,R,"Official Twitter for Olivier Award nominated actor, Billie Piper.",billiepiper,Billie Piper,,I don’t want Britain to be like that one person at the party no one wants to talk to #BBCDebate #EUref #Strongerin #INtogether,[]
106,R,"`A long habit of not thinking a thing wrong, gives it a superficial appearance of being right.`- Tom Paine, 1737-1809.

Let's finish the democratic revolution!",TomLondon6,Tom London,London,".@RuthDavidsonMSP very impressive in #BBCDebate IMO
Vote #Remain","['linndavis', 'JonnyValleyBoy', 'AdamWalkerGB']"
107,N,Leading Britain's Conversation. Call now on 0345 60 60 973.,LBC,LBC,UK,"In 90 minutes, @Nigel_Farage and Lord Heseltine go head to head on the #EURef on LBC https://t.co/a1Ab14HL9H https://t.co/zHeKlXcIW6","['LBC_Charlotte', 'StigAbell']"
108,L,"Serial Business Owner Entrepreneur, Extreme speed Skier, F1 loving, Rugby Nut, Polo playing and pup loving guy.  Vote Leave 23rd June for UK democracy",skipupextreme,Vote Leave EU,Skiing or in the Boardroom ,No Dave Brits take back control like in 1945  https://t.co/ingZS9gSt9,"['LiamFoxMP', 'Dwalingen', 'chrisg0000', 'PoliticsSense', 'LeaveEUOfficial', 'VoteLeaveWD', 'vote_leave', 'Leavethe_EU', 'Arron_banks']"
109,L,"Altrincham Councillor on @TraffordCouncil | Chair @GMConservatives | Dep Chair @AltSaleCons | Pro-Europe, Anti-EU | Music & Poetry fan | My views/RTs theirs.",MatthewSephton,Cllr Matthew Sephton,"Altrincham, Cheshire, England.",Another fantastic #Altrincham response for roadside @vote_leave campaign earlier. More tomorrow! #VoteLeave #EUref https://t.co/Epiugqc2k9,"['V_of_Europe', 'SteveBakerHW', 'vote_leave', 'jdwtweet', 'LiamFoxMP', 'Brianna_Bethany', 'LewisCallum', 'TraffordLocals', 'BLAMWebsites']"
110,L,Market Follower of Anglo Saxon descent - Global Macro & Politics. I reject the Europeanisation of Britain + much more mine.4nothing@gmail.com,minefornothing,MineForNothing,,"Be careful with these polls. When you look at the detail, you find all sorts of interesting things that do not get reported. #Brexit","['LouiseMensch', 'vote_leave', 'Livesquawk', 'WhiteWednesday', 'Daily_Express', 'SkyNews', 'JediEconomist', 'JamesDelingpole']"
111,N,It’s our job to #GoThere and tell the most difficult stories. Come with us!,CNN,CNN,,"#Brexit would be irreversible, Cameron warns voters https://t.co/NbYJv97PRM https://t.co/W2EScdJT38",['cnni']
112,R,"Deputy Director, Britain Stronger In Europe (@StrongerIn)",lucycthomas,Lucy Thomas,London,"Team #remain absolutely nailed it tonight. Proved the Leave campaign have no plan &amp; the experts agree we're safer, better off &amp; #StrongerIn","['wdjstraw', 'StrongerInPress', 'StrongerIn', 'NsNrs1']"
113,N,Team Stream App - http://bleacherreport.com/mobile,br_uk,Bleacher Report UK,Desktop,David Beckham releases impassioned statement explaining why he is voting #Remain in the #Brexit referendum https://t.co/DLOCHqZGgJ,[]
114,L,The UK will be so much better off out of the EU. Tory member. #VoteLeave,EUAreKidding,EUAreKidding,United Kingdom,"Seize the day people. Lets get the UK trading globally unrestrained by the shackles of the EU.
#CarpeDiem #Brexit https://t.co/wwxo2mY3ki","['andrealeadsom', 'vote_leave', 'Bad_Sweary_Frog', 'KeithBe1', 'theordinaryman2', '2010LeeHurst', 'Mines_a_pint', 'timothy_stanley', 'EUAreKidding', 'VincentArlettaz', 'Charlton_UKIP', 'BBCr4today', 'dobbs_michael', 'LeaveEUOfficial', 'SurferObserver', 'dougalSW19', 'montie', 'SteveBakerHW', 'MatthewSephton', 'JuniorBez1997']"
115,L,Official Labour Leave Twitter page. Making the Labour case for voting 'Leave' in the EU referendum.,labourleave,Labour Leave,"London, England","2 days to go until the #EUref. Here's reason #2 to leave the EU!
#2: We want to stop open-door immigration https://t.co/7LJLxsilEO","['DavidPBMaddox', 'LeaveEUOfficial']"
116,L,Rise and Rise Again Until Lambs Become Lions,GrahamGtk1954,Graham koller,where ever I lay my hat,"2 days left for campaigning,we will see Cameron &amp; Osbourne ramp up project fear,more deceit &amp; lies.#VoteLeave https://t.co/bdHPUgkYxo","['UKIPBroxtowe', 'JuliaHB1', 'BeverleyTruth', 'Sozzinski', 'eToro', 'cafe_mic', 'luiz_cerveira', 'becky1363']"
117,L,Conservative Campaigner,AmandeepBhogal,Amandeep SinghBhogal,"Westminster, England","Some more #ProjectHate from a key #Remain campaigner.
Thoroughly shocking.
No other words. https://t.co/emyQWiyo7c","['tweetingtonia', 'AmandeepBhogal', 'consforbritain']"
118,L,UK scientists confident that our talented science community will continue to thrive outside the political structures of the EU. #Brexit #VoteLeave,ScienceBritain,Scientists 4 Britain,United Kingdom,"Good example of why European academics and students would still work, study and collaborate with us post-#Brexit. https://t.co/itqCCF2C36",[]
119,L,"LCFC. Tory. Warwick Uni Law & French. #VoteLeave. Love football, tennis, betting & crisps! Dislike bandwagons & the professionally outraged",tomchapman16,Tom Chapman,"Leicester, UK/Bordeaux, France","in everyone's interest to continue with free trade. We'll trade with EU, but take back control of or borders &amp; money #BBCDebate #VoteLeave","['vote_leave', 'Vote_LeaveMedia', 'BBCNews', 'Mike_Fabricant', 'CllrGurjitBains', 'JLongworthVL', 'NadineDorriesMP', 'avemariarebecca', 'geraldhowarth', 'bernardjenkin', 'TellRanil', 'carefree_tug', 'annabotting', 'Australiaunwra6']"
120,R,"Doctor, nerd cheerleader, Bad Science person, stats geek, procrastinator. Currently an academic at CEBM in Oxford http://www.ebmdatalab.net ben@badscience.net",bengoldacre,ben goldacre,"Oxford, England",The NHS is run by immigrants. We don't train enough doctors and nurses. Our fault. Not the EU. The UK's fault. Ours. https://t.co/Cq4hXtbPB1,[]
121,R,I like aubergines,jobowandarrow,Jo,,My cat is sad we might vote for #Brexit  #CatsAgainstBrexit https://t.co/sLhwnRv3C8,[]
122,L,Politicians are a cancer in society. Treat every word as a lie and every act as an act of aggression.,LiarMPs,EU PROJECT FEAR,UK,"David Beckham backs Remain.
If you allow any celebrity to sway your vote in any direction you shouldn't be voting. #Brexit","['Trev_Forrester', 'Queen_UK', 'PrisonPlanet', 'LiarMPs']"
123,R,"Regional, national and supranational polls and election results in EU28 • Upcoming: #EURef #EUReferendum #Poll #26J #26JTV #elezionicomunali #EURO2016",EuropeElects,Europe Elects,,"Finland: Finnish Green party VIHR (G/EFA) on record high, currently reaching 15% in latest poll (Taloustutkimus poll). #finpol #EURef",[]
124,R,General Secretary of the Trades Union Congress @The_TUC,FrancesOGrady,Frances O'Grady,UK,Thanks Nicola! https://t.co/oqno6YEmlk,"['The_TUC', 'susana_mendonca']"
125,L,"Conservative MP for Harwich and North Essex, enthusiast for the freedom, prosperity, good government, unity and independence of the UK and her peoples",bernardjenkin,Bernard Jenkin,Westminster or Essex,"Boris is right, only a tiny % of Commission officials come from the UK - and we elected none of them. #VoteLeave #bbcdebate","['WayneLinge', 'Vote_LeaveMedia', 'oflynnmep', 'JamesDuddridge', 'SteveBakerHW', 'CllrGurjitBains', 'ChloeVotesLeave', 'WomenforBritain', 'vote_leave', 'AmandeepBhogal', 'NadineDorriesMP']"
126,L,Can't Tell Ya Its Classified • ♆MUFC♆ Competitive Gamer ※ • Retail Store Mgr ⚽️PlrCoach • KravMaga • Boxer • ♍ Timelord∞ • MVP • ICΞ / Lethal Force❗,mrDesStewart,Dεs Stεwαrt,Ashton | Manchester | England,#Calias migrants attacking French police &amp; #UK trucks/cars Why are @BBC @ITV @SkyNews NOT reporting? #EUref #Brexit https://t.co/Ml3AKsbFm5,[]
127,L,Official Twitter feed of Conservatives for Britain. Chaired by @SteveBakerHW and @DCBMEP,consforbritain,Cons for Britain,Britain,Boris: 'I think we've heard enough from #ProjectFear in the last couple of weeks' #VoteLeave #bbcdebate,"['annietrev', 'dobbs_michael', 'beleaveuk', 'LiamFoxMP', 'vote_leave', 'montie', 'JamesDuddridge', 'DanHannanMEP', 'geraldhowarth', 'sarahjanesewell', 'SteveBakerHW', 'TellRanil', 'Vote_LeaveMedia', 'JLongworthVL', 'cmackinlay', 'Mike_Fabricant', 'Aussies4Britain', 'nickdebois', 'AmandeepBhogal', '_hanimustafa', 'NadineDorriesMP', 'MitchellGoldie', 'lawyers4britain', 'ChloeVotesLeave', 'Cricket4Britain', 'bernardjenkin', 'conorburns_mp', 'ScotsVoteLeave', 'GuidoFawkes', 'DVATW', 'VoteLeaveUKIP', 'LouiseMensch', 'davidburrowesmp', 'LondonCF']"
128,R,Why Britain should stay in the EU.,InFactsOrg,InFacts,"London, England","@Telegraph backing #Brexit is entirely predictable. Their reasons for doing so, however, are not based in reality.

https://t.co/kx9zZRJGhe",['BBCRealityCheck']
129,L,Comedian. If you want a chat with me on Twitter you'll need a real name. Endex = Muted.,2010LeeHurst,Lee Hurst,London,"David Beckham whose sport is run by a corrupt, undemocratic body called #FIFA wants to vote for a corrupt, undemocratic body called #EU.",['LeaveEUOfficial']
130,L,#Woking Leave.EU group leader. Watch this https://vimeo.com/166378572 #LeaveEU #Brexit #VoteLeave #EURef #BetterOffOut #GrassrootsOut,mkpdavies,#Woking #LeaveEU,"Woking, England",#VoteLeave https://t.co/CKQZpXgiuD,"['LeaveEUOfficial', 'consforbritain', 'ScienceBritain', 'steven_winstone', 'EUAreKidding', 'Solly_Gratia', 'eToro', 'LouiseMensch', 'BBCr4today', 'JuliaHB1', 'BellaSassin', 'EFTAnotEUSSR', 'DVATW', 'thierrybaudet', 'Hells4Heroes', 'dobbs_michael', 'brexit666', 'DavidPriceUK', 'mkpdavies', 'deYook', 'Dwalingen', 'SuzanneEvans1', 'vote_leave', 'DJack_Journo', 'CllrBSilvester', 'belfastjj', 'ThomasEvansGB', 'PrisonPlanet', 'ohboywhatashot', 'Holbornlolz', 'CrumbsCollector', 'matthewkitcher', 'DavidJo52951945', 'davidroachcouk', 'HenrySmithMP', 'oflynnmep', 'NadineDorriesMP', 'EuropeElects', 'Y_Eurosceptics', 'rougeranj', 'wisermonkeys', 'DisparatePost', 'DKMatai', 'mylifemysay', 'Brianna_Bethany', 'BBCNews', 'bernardjenkin', 'Stop_The_EU']"
131,L,Writer/Composer of the hit show 'Proper Football Men: The Musical'.,bankruptspurs,Bankrupt,Forever in Sherwood's shadow.,@AndertonsMop #Brexit IMHO,[]
132,L,"After failing to win a seat as UKIP, Mr Mayor has become an independent prig. We are a parody account - though its hard to tell",Trump_ton,Trumpton,Trumpton,"I'm hoping for a #Remain win on Thursday, because that way we'll never have to see Michael Gove on TV again https://t.co/hyH5rCPkPy","['Trump_ton', 'TrumpThe']"
133,L,Presenter at MKFM. Tweets are my views not radio stations. 20 years old. Studying Computer Science at Newcastle University.,__MRobinson,Michael Robinson,Milton Keynes/Newcastle,,['montie']
134,N,"Breaking news from around the world, plus business, style, travel, sport and entertainment. We #gothere.",cnni,CNN International,Everywhere,Who's who in the UK #Brexit debate? Key players on both sides before Thursday's #EUref: https://t.co/AjDPXcKt3q https://t.co/nfvJTCzu1Q,[]
135,L,"The mind is not a vessel to be filled, but a fire to be kindled.",Sargon_of_Akkad,Sargon of Akkad,Kish,"If Britain remains in the EU, it will lose it's status as a sovereign nation.  #EUref https://t.co/YynX8Wdi7f",['beleaveuk']
136,L,"Britain's most popular paper. Exclusives, news, sport and entertainment. Like us on Facebook too: http://www.fb.com/thesun",TheSun,The Sun,London,"#Brexit campaigner, 80, arrested for painting ‘Vote Leave’ in 2ft high lettering around town https://t.co/sCf4p16YOg https://t.co/RgEvHncRxw",['SunPolitics']
137,L,Imaginexit cofounder || Leader of Westminster & The City @vote_leave Branch || 2015 East Lothian Tory candidate || Author #TalkinBoutMyGen || #NUFC || #TeamLH,davidroachcouk,David Roach,,Oops! This is a bit inconvenient https://t.co/lkGNr9LvRZ #BBCDebate Govt policy for Turkey to join @BBCRealityCheck @vote_leave #VoteLeave,"['vote_leave', 'soesource', 'blinkerdbritain', 'Lma361Lindsay', 'ScienceBritain', 'davidandvinny', 'PatrioticNeko', 'hymie094', '_casey__jones_', 'SuzanneEvans1', 'RobertWinfield2', 'ChloeVotesLeave', 'Drury7Drury', 'WomenforBritain', 'AlexandralSwann', 'SteveBakerHW', 'matthew_elliott', 'ernietvr', 'sarahjanesewell', 'LouiseMensch', 'toadmeister', 'jgoffshore', 'LeaveEUOfficial', 'DancerGuard']"
138,R,"Wales is stronger, safer and better off in Europe. Don't sit on the sidelines - be part of the local campaign to secure our future in Europe.",WalesStrongerIn,Wales Stronger In,"Wales, United Kingdom",.@FrancesOGrady highlights that there would be a staffing crisis if we lost EU staff in the NHS #StrongerIn #BBCDebate,"['wdjstraw', 'PoliticoRyan', 'wiardsterk', 'khaleesi_leahxo', 'constanceblanc', 'DrRichardCobley', 'JulieMorganLAB', 'SZeitblom', 'owensheers', 'derekvaughan', 'welshlabour', 'StrongerInPress', 'OfficeGSBrown', 'jennymcc_', 'nuswales', 'BBCWalesNews', 'LeeCatterall1', 'Vaughan_Wms', 'CadanapTomos', 'JaneHutt', 'RhonddaBryant', 'askar_Comtek', 'GutoBebb', 'JamesMcGrory', 'BBCNews', 'scrabbmp', 'billiepiper', 'AlasdairOHara', 'SDoughtyMP', 'pcibangor']"
139,R,"Deputy editor @Politics_co_uk covering UK and London politics. Send stories, pitches etc to adam.bienkov@politics.co.uk",AdamBienkov,Adam Bienkov,House of Commons press gallery,A third of Leave voters believe the ITV and BBC are conspiring to rig the #EUref vote. https://t.co/A5XPyMkqYc https://t.co/90hCWTjWwB,"['RetroAperture', 'D_Libris', 'AdamBienkov', 'hernehillandy', 'PopulusPolls']"
140,L,"The Scottish campaign for a leave vote on June 23. Let's have more powers for Scotland, save free tuition, and have £1.5bn more to spend. DM to get involved.",ScotsVoteLeave,Scottish Vote Leave,Glasgow,"SNP voter writes 'We can't be independent whilst governed by an autocratic, unelected elite' #EUref #VoteLeave https://t.co/Tmm2IkZp13","['vote_leave', 'f you pledge to Vote Leave for Scotland! #EUref #VoteLeave https', 'mark_mclaughlin', 'NathanGillMEP', ""f you're a proud Scot who is voting Leave! #BBCDebate #euref #VoteLeave https"", 'Vote_LeaveMedia', 'BBCNews', 'TheSun', 'nickeardleybbc']"
141,L,#LGBT I'm on the Right #PEGIDA constantly battling unwashed progressives and libtards.    #VeteransForBritain #MarineLePen #Brexit #MAGA #UKIP,russjb2512,russjb,Sheffield England ,Under #Cameron our border controls are in tatters and he wants you controlled by the #EU #TakeControl &amp; #VoteLeave https://t.co/cNnUZTei5p,"['UpNorthandGRIM', 'sarahe635', 'Stop_The_EU', 'ukipwebmaster', 'Northwich115', 'YoungBeleavers', 'TotallyPip', 'fifi_j', 'montie', 'busybuk', 'danbritton96', 'StarAnderton', 'LouiseMensch', 'JamesC_McGregor', 'vote_leave', 'DavidWooding', 'GilesVersace', 'w0tn0t', 'JuliaHB1', 'pennystocksusa', 'Arron_banks', 'Mario_DAloisio', 'JoKer33817736', 'answerability']"
142,N,"Breaking news alerts and updates from the BBC. For news, features, analysis follow @BBCWorld (international) or @BBCNews (UK). Latest sport news @BBCSport.",BBCBreaking,BBC Breaking News,"London, UK","The BBC's Great Debate for the #EURef begins at Wembley Arena.
Watch live: https://t.co/Zt8YFLCKaH #BBCDebate https://t.co/WvUQMT3L1x",[]
143,L,"UKIP Parliamentary Candidate 2016 Sheffield. Metal Industrialist, Realist. Lets embrace democracy, let's embrace the world. Tweets by team.",steven_winstone,Steven Winstone,"Sheffield, England","C'mon #brexit minded folk - we can do this. Make sure you get out and vote, don't let the scaremongering win.  https://t.co/2EWSltuCBT","['CEO4TAG', 'Taleof2Treaties', 'BBCNews']"
144,N,"BBC TV journalist, currently working on #EUref. Reported in #Gaza #Lebanon and #Indonesia. Views mine. Tips appreciated: Julia.macfarlane@bbc.co.uk",juliamacfarlane,Julia Macfarlane,"London, England","Two days to go, and both #EUref campaigns are giving it all they've got - @BBCBenWright has the latest on BBC One https://t.co/Qtrx1Ls3uP","['BBCBreaking', 'BBCNews', 'BBCRealityCheck', 'markfrankel29']"
145,L,"'Do you like art, Del?' 'Oh, yeah, Del used to be cultural adviser for the Chelsea Shed'",carefree_tug,Tug,The Shed End,Again with the false information and completely made up scaremongering.  https://t.co/oz71roNeDy,['CEO4TAG']
146,R,,Julzhoon,Julia,,,"['victoriabeckham', 'StrongerIn']"
147,L,Regional Assistant @vote_leave | UKIP member | Featuring on the 5 positive reasons to #VoteLeave leaflet | Campaigning for #Brexit!,MitchellGoldie,Mitchell Goldie,"London, England",The audience agree with Andrea tonight! That's why we need to #VoteLeave on Thursday for democracy #bbcdebate,"['vote_leave', 'TheaDickinson', 'claire_pearsall', 'oflynnmep', 'SteveBakerHW', 'Vote_LeaveMedia', 'lawyers4britain', 'ChloeVotesLeave', 'MitchellGoldie', 'RickyLeeCooke']"
148,L,"National newspaper journalist, cook, very tired dad-of-two and expounder of views which are all my own. RT not necessarily an endorsement. Scotland for ever!",DJack_Journo,David Jack,Essex,If she had a vote I bet it would be  Leave #Brexit #EUref https://t.co/MjvEqbMiBc,[]
149,R,"Director @icgtweets formerly of BMA, RCN and King's Fund. Politics and piano. Father of 2.",neilgadhok,Neil Gadhok,London - Ladywell,Powerful European front pages #EUref https://t.co/YN0Y9YeNfn,['JuliaHB1']
150,L,Let me be your electrician.,deYook,Charlie Skelton,,anyone thinking to #VoteRemain should listen to Lou Reed's 'Egg Cream' https://t.co/10NeKJoeZt a shrewd critique of overreaching federalism.,[]
151,L,19; Tory; eurosceptic; Catholic; Yorkshiregirl living in London; @con4lib Events coordinator; @vote_leave #VoteLeave #TakeControl; @QMPoliticsIR,avemariarebecca,Maria Rebecca Murphy,London/Scarborough,"Boris: They tell us that they're going to put forward a positive case, but now they're back to #ProjectFear #bbcdebate","['vote_leave', 'adamboultonSKY', 'StuCarless', 'TheaDickinson', 'SteveBakerHW', 'AmandeepBhogal', 'MartinDaubney', 'AlexandralSwann', 'BBCNews', 'MitchellGoldie', 'SuzanneEvans1', 'NadineDorriesMP', 'conorburns_mp', 'DVATW', 'LouiseMensch', 'VoteLeaveUKIP', 'LondonCF', 'Samuel_Betz', 'CharlotteKude']"
152,N,Get the inside track from Westminster with the @Telegraph's lobby team. Sign up to our free morning briefing: http://bit.ly/1HUW8X7,TelePolitics,Telegraph Politics,London,Sadiq Khan opens the debate for #VoteRemain https://t.co/5we9oLJYhd #BBCDebate https://t.co/VOBEHbfdqF,['Telegraph']
153,L,"Pro Europe,Anti EU. UKIP supporter .One of nearly 4 Million who voted in GE2015. Anti islam,anti netanyahu .Monarchist. .Roll on Jun 23rd #BREXIT",canofwormstwo,Dewi,,"""Who so you think you're kidding Mrs.Hitler if you think we're on the run?""#Brexit https://t.co/49vERWaVjg","['TotallyTopical2', 'DiscoverFT', 'fatfei_', 'ohboywhatashot', 'ci247', 'TrueEngland', 'canofwormstwo', 'RebelHQ']"
154,R,,hannagw,Hanna Gronkiewicz,Warsaw,Europa potrzebuje Wielkiej Brytanii w UE. #VoteRemain #bbcdebat @AmbassadorKnott  @BBC https://t.co/6GtxoujMwq,[]
155,L,Présidente du @FN_officiel | Coprésidente du groupe #ENL au Parlement européen,MLP_officiel,Marine Le Pen,France,"""Si j'Ã©tais citoyenne britannique, oui je voterais le #Brexit."" #MLPTF1",[]
156,L,Support #Brexit from #EU Superstate to restore UK Democracy #No2EU - #UKIP Tonbridge & Malling Constituency - Own Views - RT's are not endorsements.,Charlton_UKIP,Charlton Edwards,Kent & London,007 Carmaker @astonmartin Says #Brexit To Boost Exports https://t.co/MJBvxgsuIB #EUref #VoteLeave,"['LiamFoxMP', 'vote_leave', 'bernerlap', 'GoodwinMJ', 'PaulBrothwood', 'BillDudleyNorth', 'montie', 'SpectatorEvents', 'LeaveEUOfficial', 'VictoriaLIVE', 'KayBurley', 'BBCr4today', 'ScienceBritain', 'dobbs_michael', 'BBCBreakfast', 'MargotLJParker', 'HenrySmithMP', 'simplysimontfa', 'Leavethe_EU', 'ukipactivist', 'paulnuttallukip', 'LBC', 'Daily_Express', 'UKIP', 'oflynnmep', 'BBCNews', 'DianeJamesMEP', 'NathanGillMEP', 'Michael_Heaver', 'ukippunmeister', 'RaheemKassam', 'NadineDorriesMP']"
157,L,"I am the MP for North East Hampshire. I do not deal with policy questions nor casework on Twitter but, if you are a constituent, do please send me an email.",TellRanil,Ranil Jayawardena MP,North East Hampshire ,It's clear the 'IN' campaign's strategy for answering questions on immigration is to change the subject. #VoteLeave #BBCDebate,"['vote_leave', 'JamesDuddridge', 'SteveBakerHW']"
158,R,"Our FB page launched May 8, 2015: https://t.co/lPrPeGDeAx 
Get a SfEU twibbon: https://t.co/gdkYN571xb",Scientists4EU,Scientists for EU,"London, England","Across science and health societies, the vast majority of experts think we're #HealthierIN and #StrongerIN the EU. https://t.co/UV026O0xha","['AndrewAtter', 'TorbettR', 'SouthvilleRob', 'SamLP', 'aimeemorgans', 'BRinEUROPE', 'jr_pritchard', 'alexwilks', 'JonathanHMDavis', 'PWGTennant', 'julianhuppert', 'DidEUKnow']"
159,L,"British Citizen, Ex Royal Marine Bandsman, Served on HMY Britannia, Royalist, Proud member of UKIP...Want to make a difference? Join now",UKIP_Voter,Steve,Southampton,"Bit like #StrongerIn getting dosh from Goldmansachs
#BBCDebate https://t.co/qpc1SzpLx8","['DiscoverFT', 'PaulClark2005', 'NickPringle6', 'colin_geere', 'AMDWaters', 'PrisonPlanet', 'pperrin', 'Baldursrun', 'BrexitNoww', 'BetterOffOut', 'RedHotSquirrel', 'TheHappyKipper', 'LeaveEUOfficial', 'Vote_LeaveMedia', 'bigbudsshop', 'mkpdavies', 'SuzanneEvans1', 'jennyriarchi', 'CllrBSilvester', 'LBC', 'oflynnmep', 'gale_adam', 'TheRedRag', 'johnread123', 'LouiseMensch', '2purplebricks', 'Queen_UK', 'brexittruths', 'Danny_Sammut', 'croftyization', 'kipperlounge', '2tweetaboutit', 'andrealeadsom', 'JulesSunbeam', 'SpencerHills2', 'RichardKing633', 'vote_leave', 'PatrioticNeko', 'Patriotic_Brit', 'CrusadeFan', 'BBCRealityCheck', 'ThomasEvansGB', 'Aussies4Britain', 'LiamFoxMP', 'Mike_Fabricant', 'NosniborKram', 'DVATW', 'MuppetV2', 'FwDTV', 'theordinaryman2', 'SteveBakerHW', 'strikeitharry1', 'rorybroomfield', 'BlackKnightWX', 'dcreesy', 'uniforbritain', 'realdealdanny']"
160,L,"Award winning Columnist, Satirist, Comedian and Libertarian legend. Champion of Free Speech. All Tweets pre censored by Twitter. All Tweets expire after 7 days.",Holbornlolz,Old Holborn ✘,Old Holbornistan,"""Blaaahdy foreigners, telling us what to do. oh, Vote #Remain"" 

https://t.co/yVI4D3nL9q","['LBC_Charlotte', 'HealeyCartoons', 'CEO4TAG', 'BMF_Bund']"
161,N,British buzz. Tweets by @andydangerfield and @maggyvaneijk. Find us on Facebook: https://www.facebook.com/BuzzFeedUK,BuzzFeedUK,BuzzFeed UK,London,"Is the result binding? When will it end? Your questions about the #EURef answered
https://t.co/IlUXE9pmls https://t.co/CwkIXYPSU1","['janinegibson', 'AlbertoNardelli']"
162,R,"Chairman & Founder @robertsbridge, helping clients profit from sustainability & smarter communications. No idea who else's views they'd be. Love music.",bmay,Brendan May,UK & too many planes,"Just a quick reminder for waverers. Boris is one too. 

#VoteRemain #StrongerIn #EUref https://t.co/MbUX4XHv7w","['PaulPolman', 'tompeck', 'andymoz78', 'TonyJuniper', 'UKIPNFKN', 'adamboultonSKY', 'StrongerInPress', 'jk_rowling', 'costofcameron']"
163,R,,Arron_banks,Arron Banks,,She is a professional trade unionist on a Â£100k a year who's never had a proper job. https://t.co/gGEeolpD5g,"['AMDWaters', 'LeaveEUOfficial', 'paulnuttallukip', 'JTruscott5040', 'simplysimontfa', 'VictoriaLIVE', 'richjamesuk', 'dobbs_michael', 'PaulBrothwood', 'Meliden', 'terrylawes', 'DRoberts44', 'EUAreKidding', 'RaheemKassam', 'Akabilky', 'LouiseMensch', 'SteveBakerHW', 'DavidTCDavies']"
164,N,"Top and breaking news, pictures, and videos from Reuters.",Reuters,Reuters Top News,Around the world,"#EURef: Call it Trumpism, minus just one thing. Trump. https://t.co/Ir0pGXujz0 https://t.co/lxXbLiw7Jw","['ReutersBiz', 'ReutersPolitics', 'ReutersUK']"
165,R,Live updates from #MSF projects assisting #migrants and #refugees in #Europe and on the #Mediterranean and #Aegean Seas RT≠ endorsement,MSF_Sea,MSF Sea,Mediterranean Sea,"The Member States agreed to relocate 66,400 #refugees from Greece to elsewhere in #Europe. They've taken just 1,629. https://t.co/LyuKaZ6dva",[]
166,R,"Interested in dialogue, education and current affairs.",HelenMagi,Helen,,#BBCDebate #Remain https://t.co/Nw4WuG6reU,"['StrongerInPress', 'Wesmondshire']"
167,R,"Assistant Mayor of Liverpool. Cabinet Member for Education, Employment & Skills. @LiverpoolLabour councillor for Central Ward. @GMB_union member.",CllrNickSmall,Nick Small,Liverpool,Tomorrow's Daily Mirror front page #VoteRemain for our future https://t.co/HqyYMPBnV3,['saf0113']
168,L,UKIP in Vote Leave - campaigning for a 'leave' vote in the upcoming EU referendum. Contact: UKIP@voteleave.uk,VoteLeaveUKIP,Vote Leave (UKIP),,"Great positive, polite and assured performance from @AndreaLeadsom tonight #BBCDebate #VoteLeave  https://t.co/VRLJ2bkvIw","['oflynnmep', 'vote_leave', 'SuzanneEvans1', 'Johnny_Shilton']"
169,R,"Member @UKHouseofLords Pro Vice Ch @BoltonUni Visiting Prof @YourStMarys Conservative Party Chairman 2010-12 Foreign Minister 2012-14 Cars, Cricket & Cooking",SayeedaWarsi,Sayeeda Warsi,Heart is always in Yorkshire,"Thought I'd share this email from Marc, one of the many emails I received from those voting #leave #MoreInCommon https://t.co/K8YMYNKbAN",['SkyNews']
170,L,Fighting for #Brexit & offering #ProjectHope with #VoteLeave Join @vote_leave,StrongerOut,Stronger Out,,Senior defence chief Lord Guthrie switches sides in Brexit battle https://t.co/nRPE66VGSx #BBCDebate #VoteLeave &amp; #TakeControl,"['vote_leave', 'JuliaHB1', 'MSmithsonPB', 'montie', 'andrealeadsom', 'Vote_LeaveMedia']"
171,L,Proud to be British.  Right of centre. Pro-Monarchy.  Anti-EU.  Anti-Racist. NeoCon.,chrisg0000,chris g,Lancashire,"Michael Gove on the latest bit of EU interference...

#Paxman
#VoteLeave https://t.co/qo4tH6ZXIc",['oflynnmep']
172,L,#Brexit Twitter account of David Jones MP: supporting @vote_leave in the fight for a stronger Britain outside the EU. Retweets are not endorsements.,BrexitInJune,David Jones MP,"3, Llewelyn Road, Colwyn Bay","Well said, Boris; Remain side is all #ProjectFear #BBCDebate","['vote_leave', 'Vote_LeaveMedia']"
173,N,"Historian, leader writer for the Daily Telegraph, contributing editor for the Catholic Herald. Opinions my own.",timothy_stanley,Tim Stanley,London/Washington DC,Max Factor's profits dipped that week  https://t.co/kudpoMkxO3,"['pmdfoster', 'OnPointRadio', 'suttonnick', 'fleetstreetfox']"
174,L,"PRO Europe anti e.u, Ex Lifelong labour now UKIP .tolerant to most .CAPS WHEN VIZ VIZ IMPAIRMENT REQUIRES",BeverleyTruth,Beverley #BREXIT,"EAST YORKSHIRE , ENGLAND",BACKED BY E.U ..ANOTHER STATE FOR THE EUSSR .. WHOS BORDERS RUN ALONG RUSSIA WITH USA BASES ALL ALONG IT #BREXIT https://t.co/GqwP9BvYTh,"['RoyalNavyNews', 'Linda_b_123', 'Juliet777777', 'helen_downing', 'dr_asifmirza', 'BeverleyTruth', 'puffin1952', 'LYNDA270833', 'manwithamop', 'w0rldlyw1se', 'flyingfury1940', '55Massey', 'NickGriffinBU', 'CraigofOldham', 'PaveDarker', 'vote_leave', 'patsybessBess', 'SamanthaLouize7', 'tudorrose16', 'Baader_Meinhof', 'ScotsVoteLeave', 'DugaldMacMillan', 'liarpoliticians', 'HenrySmithMP', 'PennyMidasRollo', 'cordeiro876', 'hull_leave', 'Amathyst25', 'TraceyBosworth', 'WritingSupplier', 'realtsuke', 'JulesSunbeam', 'Fight4UK', 'ExposingBBC', 'duks44', 'Ironwand', 'TommyAtkins2016', 'TheHappyKipper', 'PoliticsSense', 'Rapotter', 'Lin_121', 'Camron_London', 'DamainWard', 'Rulesthewaves', 'geoffers74', 'evolvedprimate0']"
175,R,Filmmaker. Co-Founder with Anne Daly of award winning Esperanza Productions. Latest film: Mothers Against the Odds - filmed in Kenya and Ireland,RonanLTynan,Ronan Tynan,London and Dublin,#BBCdebate #Boris sounds v weak is b/c caught out by brilliant case he sincerely made for #remain up to few weeks ago? #DontRiskIt #Remain,['barbycottontail']
176,R,"Exposing BBC bias. The BBC are PC, Leftist, Pro EU, Pro Muslim biased dissemblers and at best peddling half truths...Savile's willing accomplice",ExposingBBC,BBC Pro EU Bias,Italy,"EXCLUSIVE: Notorious Anjem Choudary Backs 'Remain' –Â Says EU Courts Are Softer On His Islamist Friends 
https://t.co/vhNplh7ZK7 #Brexit","['AFrankWords', 'vote_leave', 'Telegraph', 'YoungBeleavers', 'rob83c', 'SuzanneEvans1', 'LouiseMensch', 'Dwalingen', 'rorybroomfield']"
177,R,Labour MP for the Rhondda,RhonddaBryant,Chris Bryant MP,,"So Leadsom and Leave won't say whether they will give the Â£600,000 given by former BNP member back. Project Hate. #StrongerIn","['mcashmanCBE', 'wdjstraw', 'victoriabeckham', 'StrongerIn', 'UKLabour', 'MirrorPolitics', 'welshlabour', 'RebeccaFront', 'bmehtaUK', 'JamesMelville', 'AlanOlive1']"
178,R,"A global civic movement connecting over 43 million citizens worldwide, bringing people-powered politics to decision-making everywhere. (Press: @Avaaz_News)",Avaaz,Avaaz,Worldwide ,"""You're being asked to make a decision that's irreversible""...""and you're being sold it on a lie"" @RuthDavidsonMSP #BBCdebate #Brexit #EUref","['EmWatson', 'JakubKrupa', 'SadiqKhan', 'StrongerIn']"
179,L,"UKIP MEP for North West England, UKIP Deputy Leader. RT not necessarily an endorsement.",paulnuttallukip,Paul Nuttall,,Great support for Brexit out in Wigan town centre. #projectfact https://t.co/IlLeoe1K1D,[]
180,N,"Friend of animals everywhere. Internet ninja. Twitter fan. Coffee evangelist.
 #bbcworld",bbcwnews365,BBC News (World),,,['BBCNews']
181,N,We are an independent body set up by the UK Parliament. Our aim is integrity and public confidence in the democratic process.,ElectoralCommUK,Electoral Commission,UK wide,Ensure your #EURef vote is counted – do not put anything other than ONE cross in ONE box. More essential info at https://t.co/ujsLe2oBLx,[]
182,N,An independent news and commentary website produced by academics and journalists. Free to read and republish.,ConversationUK,The Conversation,London,#Brexit: Help for farmers would be gradually reduced each year – but subsidies wouldn't disappear overnight https://t.co/AOtrdOUCzT,"['LaHoo', 'AndrewCrines', 'ScottLucas_EA', 'DGDimitrakop', 'CairneyPaul']"
183,L,"You must realize that fear is not real.  It's a product of thoughts you create.  Now do not misunderstand me, danger is very real. But fear is a choice.",VvsTyranny,V4Vendetta,"South West, England",Camoron lied again! #Brexit  #Cameron 'told migration target was impossible four years ago' https://t.co/7YAl5Rk4EB,['theordinaryman2']
184,L,"Sky News founder member and journalist. Author. Dog lover. Proud mum. More than one million minutes of presenting live TV - and counting.
Facebook: KayBurleySky",KayBurley,Kay Burley,London,"I think the clapometer may suggest a new contender for the 'most popular politician crown', Tim ðŸ˜Š https://t.co/MklBMeXNzJ","['SkyNews', 'roddymansfield', 'yvonneredmond']"
185,L,"CEO of The Freedom Association. Co-founder of @BetterOffOut Likes freedom, tolerance & fairness; dislikes statism, intolerance & British subservience to the EU.",simplysimontfa,Simon Richards,"Cheltenham, Gloucestershire","Please watch this great, short ((2 minute) video and retweet: Vote for Hope https://t.co/PiVGypGbNi via @YouTube #Brexit #EUref","['adamhamdy', 'vote_leave', 'Dwalingen', 'TheLadBible', 'dobbs_michael', 'NadineDorriesMP', 'ExposingBBC', 'DominicFarrell', 'Vote_LeaveMedia', 'LouiseMensch', 'montie', 'Leavethe_EU', 'nickdebois', 'uniforbritain', 'thierrybaudet', 'Mike_Fabricant', 'sarahjanesewell', 'cmackinlay', 'oflynnmep', 'rorybroomfield', 'VoteLeaveUKIP', 'lawyers4britain', 'ThomasEvansGB', 'BBCNews', 'geraldhowarth', 'Fight4UK', 'SarahAFC69', 'TellRanil', 'NathanGillMEP', 'LiamFoxMP', 'juliamacfarlane', 'OutandProudUK', 'MdDeactivated']"
186,L,Libertarian for #Trump2016. #AmericaFirst  #Brexit,FiveRights,Philip Schuyler,,"Scarily revealing that Mayor Khan could not even wait 2 wks (till after #Brexit vote) to launch his ""no bare arms or legs in ads"" campaign.","['LeaveEUOfficial', 'V_of_Europe', 'NetworksManager']"
187,R,Visit http://www.UKtoStay.eu to support the campaign for the #UKtoStay in the #EU! We're helping people #GetTheFacts on the #UK in the #EU.,uktostayeu,UKtoStay in the EU,United Kingdom,"Winston Churchill's grandson, Conservative MP Nicholas Soames, wants the #UKtoStay in the #EU: https://t.co/1czPOcgZFw #EUref #StrongerIN","['CarolineLucas', 'wdjstraw', 'Untidy_mind', 'AndrewAtter', 'MerleCrichton', 'WildlifeTrusts', 'InFactsOrg', 'Students4Europe', 'JPJmedia', 'EK_EuropeanMove', 'HBaldwinMP', 'EmWatson', 'HouseOfHolland', 'Harryslaststand', 'pleasedontgouk', 'NewEuropeans', 'simonjhix', 'DanielJLayton', 'FullFact', 'sbabs90', 'theresecoffey', 'UKandEU', ""amp; debunk the myth #EU is corrupt &amp; doesn't get accounts audited"", 'EuroVote2016', 'RonanLTynan', 'LibDems', 'TheGreenParty', 'CarnivoreSci']"
188,R,The official Twitter feed of Labour In For Britain - our campaign to remain in the European Union. #LabourInForBritain,UKLabourIN,LabourInForBritain,"London, England","In just 36 hours, we'll be heading to the ballot box to vote Remain. If you're with us, share this â†“ #EUref https://t.co/vyU9jsaYgd","['UKLabour', 'akhanmep', 'VirendraSharma', 'JackDromeyMP', 'waheedsaleem', 'GSinnott85', 'ChukaUmunna']"
189,L,There is only one way to get the change we want. #VoteLeave #June23,ukleave_eu,#LeaveEU #Brexit #GO,United Kingdom,WW2 vets public letter to voters urges them to vote Leave in Thursday’s #EUref and reject “undemocratic” Brussels https://t.co/21ufN1LBpF,"['leftforexit', 'ukleave_eu', 'rburns @annofarabia @Jemsec @AndiNeglia @BBCNews #VoteLeave #June23 https', 'lee_branch', 'rockcoopers', 'DDawn0', 'Foresight1st', 'tinkerpuss', 'rockiemoney', 'MarkEng30768932', 'Skibum170', 'RoyalNavyNews', 'franz_nand', 'tj1969t', 'The_flat_issue', 'AmeRoSharky', 'englishbythegog', 'ProfRayKinsella', 'MICHAEL13056654', 'jjws', 'ktf1965', 'DanburyPark', 'jim_slip', 'BraisbyI', 'BeresfordAuthor', 'Woogenbury', 'DisparatePost', 'BobsGutters', 'burdon57', 'AudiA3Cab', 'LeaveTheEU2016', 'jeffmas1', 'nikkinooigotu', 'lyanne211281', 'DonNantwich', 'ShoutoutNowTeam', 'Rach_el_c', 'LouiseMensch', 'Australiaunwra6', 'LboroNO2EU', 'InstantlyU', 'Stop_The_EU', 'WeDoNotLearn73', 'LondonCabby1965', 'CllrBSilvester', 'PatrioticNeko', 'WhiteWednesday', 'sadmanonthehill', 'DVATW', 'MdDeactivated', 'liarpoliticians', 'latimeralder', 'mrDesStewart', 'LeaveEUOfficial', 'GouldSam', 'BrexitNoww', 'bernerlap', 'media_list', 'TheWarOfNow', 'purpperil', 'h8kes', 'ThomasEvansGB', 'Paradox321', 'uniforbritain', 'Bootfit', 'JasonBrownYork', 'kingsbury_bob', 'ExxCee', 'Marty_Caine', 'ProWhites', 'Beefy_Sheep', 'beastieboy66', 'Traditionalist4', 'lphanlon84', 'dcreesy', 'omowunmi_la', 'Hammertime983', 'PinnochioTory', 'gupta_james', 'Taleof2Treaties', 'ScottieKaye', 'akaraum', 'JasonBrexit', 'connor_audrey', 'mrharoldsaxon', 'Jo_Ozymandias', 'kenhordonukip', 'TheHappyKipper', 'jiks', 'Hfrancey11', 'KingHarold1', 'PoliticsSense', 'DanielVianaR', 'David_Scutt', 'DrHotelMario', 'spencedanny', 'HannahMcNeish', 'MrRed1865', 'StephenBonfield', 'Hellstorm901', 'LeaveJune23', 'JamesKnightTV', 'michaelayling', 'FuckingWhiteMan', 'PeterWilliamMos', 'StanleyIy_', 'Mario_DAloisio', 'cordina_chloe', 'Buzzard_Stubble', 'Samuel_Betz', 'BBCNews', 'theordinaryman2', 'sketchaganda', 'theultrafuture', 'LadyDurrant', 'Fight4UK', 'eureferendum', 'tomchapman16']"
190,R,"National Institute of Economic and Social Research & Senior Fellow, UK in a Changing Europe. Personal views only here.",jdportes,Jonathan Portes,London,No it's not. https://t.co/oh3ga6x1LW,"['DickGraceless', 'BBCNews', 'HannahHMMU', 'LeighBureauLtd', 'Williamw1', 'bengoldacre']"
191,L,Elected as a Member of the European Parliament and the Welsh Assembly to represent Wales for the UK Independence Party,NathanGillMEP,Nathan Gill,Wales,Just because you shout 'not true' does not mean it's a lie. #ProjectFear now becoming project spin!,"['RedHotSquirrel', 'JuliaHB1', 'oflynnmep', 'Vote_LeaveMedia', 'Mike_Fabricant', 'vote_leave', 'NadineDorriesMP', 'geraldhowarth', 'forbritain', 'MitchellGoldie', 'juliamacfarlane', 'TellRanil', 'A_VanderElst', 'pjpaton', 'LeaveEUOfficial', 'cmackinlay']"
192,R,"artist / designer / illustrator || Once was Yes Scotland's digital artist, now the seller of fabulous prints and things and maker of political graphics.",stewartbremner,Stewart Bremner,Edinburgh,Cognitive dissonance #EUref style. Sadly indicative of the leave argument. https://t.co/7k8lR6Foua,[]
193,R,"Digital marketer, mum. Politics, music, football, sports, travel, arts. #Labour #LFC #JFT96 #Orgreave #DontBuyTheSun. Not a fan of this #Tory govt.",SarahHenney,Sarah,Liverpool / New Brighton,"This Thurs is one of most important days in our country's history. Can you spare a few hours to help? #StrongerIn 
https://t.co/aOxesJ8HCx","['UKLabourIN', 'VKarayannis', 'KrustyAllslopp', 'ilesjazz', 'iangordon1959', 'joabbess', 'jemasters', 'jpublik', 'Simon_Hughes__', 'charliechar', 'RatherBAPear', 'JamesWillby', 'AlisonMeagher', 'richardmoore73', 'GazHughes78', 'DotDotDotDash', 'Priya_Nicole', 'Boz_MD', 'devo_uk', 'DailyMirror', 'OccupyLondon', 'WCXXII']"
194,L,You could of been anywhere in the world but you're here with me! I appreciate that #THFC #Brexit #VoteLeave,realdealdanny,Brexit Dan,The Dirty,I said it a long time ago the queen is for Brexit #voteleave https://t.co/YuSUvw3muW,"['500_mrg', 'RandolpheLibre', 'BillTenerife', 'robMDK', 'KeithBe1', 'jennyriarchi', 'DavethfcDf', 'ElizabethHurley', 'GrumpyDenier', 'CasMfd', 'gupta_james', 'MattPope123', 'adamhamdy', '2tweetaboutit', 'ChloeVotesLeave', 'vote_leave', 'ManeCasino', 'ellsbushh', 'SuzanneEvans1', 'EssexPR', 'DrTeckKhong', '2purplebricks']"
195,N,Basic Music Knowledge,panoplyuk,Paul,FP via DE,"In the queue for the #EUreferendum #greatdebate, gonna try &amp; live tweet it. Will probably sack it off after a couple, so enjoy while you can",[]
196,L,As a loyal citizen I have experience of and despise the self serving lying spineless MPs in the House of Traitors. Exposing the lies of the LIB/LAB/CON,HouseOfTraitors,Sir Dirty Politics,,"#bbcdebate

Shock horror, MUSLIM mayor wants open borders to allow mass unlimited migration of MUSLIMS into UK a

#VoteLeave","['KJ_S_', 'Arron_banks', 'DJack_Journo', 'muheedjeeran', 'MILLER_AJH', 'BavariaWatch', 'THFCGep', 'RuleBritanniaGB', 'DavethfcDf', 'JamesHarris1u', 'V5M1000', 'NathanGillMEP', 'MBAR1973', 'Mike_Fabricant', 'BrexitInJune', 'oflynnmep', 'payneblade3', 'JanZa70', 'lordloz', 'Queen_UK', 'LeaveEUOfficial', 'StrongerInTheEU', 'rorybroomfield', 'SuzanneEvans1', 'UKIPBroxtowe', 'ci247', 'RedHotSquirrel', 'conorburns_mp', 'CornwallTory', 'Ashley_Bullard', 'JamesC_McGregor', 'LondonCF', 'cmackinlay', 'Daily_Express', 'Holbornlolz', 'Vote_LeaveMedia', 'DomBardill', 'Shazza1uk', 'Stop_The_EU', 'SteveBakerHW', 'DavidTCDavies', 'Markit_tweet', 'KevinBirtles', 'ProtectthePope', 'IsabelOakeshott']"
197,L,"Gay guy. Long term neuro-muscular disability. #Brexit / HATE the EU. Ex Labour Party member, now  proudly with UKIP. Emmerdale fan. Sticky Toffee Pud lover.",TheHappyKipper,Mark C Edwards,"Cannock Chase, England","#EUref

OMG

DID I JUST SEE THAT? CAM FRANTICALLY WHEELED OUT TO GIVE DESPERATE SHORT SPEECH
WHAT A TOSSER

#BREXIT  https://t.co/qU8Xxm51vh","['DVATW', 'JuliaHB1', 'CllrBSilvester', 'MrBridger_HMP', 'SirGully', 'oflynnmep', 'PrisonPlanet']"
198,L,Aelod Seneddol Dwyrain Caerfyrddin a Dinefwr/Member of Parliament for Carmarthen East and Dinefwr #CymruAmByth,JonathanPlaid,Jonathan Edwards,Cymru / Wales,,"['DickGraceless', 'iwanwills']"
199,R,"NHS doctor, Private Eye's MD, @bbcrb presenter & comic. EDINBURGH FRINGE 2016 TICKETS ON SALE HERE https://tickets.edfringe.com/whats-on#fq=venue%3A43&q=Hammond",drphilhammond,Dr Phil Hammond,Bristol,I think @paulmasonnews nails who will hold the power and take back control post #Brexit https://t.co/xCBBYzh6Ox,"['bmj_company', 'CarolineLucas']"
200,L,"Socially liberal Conservative who is 
voting Leave in the EU referendum.",TheRedRag,Peter Thompson,France,"David Dimbleby explaining the running order of #EUref #BBCDebate - Economy, Immigration, Our place in the world. https://t.co/icrY1BCtHy","['LouiseMensch', 'DrTeckKhong', 'vote_leave', 'PaulKingCEO']"